word1,word2,sim,dataset
take,remove,6.81,simverb
walk,trail,4.81,simverb
shine,polish,7.8,simverb
attack,sneak,1.66,simverb
miss,catch,0.0,simverb
feel,touch,7.8,simverb
connect,separate,1.49,simverb
remove,detach,7.47,simverb
describe,define,7.97,simverb
drive,walk,1.49,simverb
cover,protect,6.81,simverb
know,inform,1.99,simverb
shake,shiver,6.31,simverb
take,carry,5.64,simverb
drive,operate,4.98,simverb
bend,break,4.65,simverb
tear,break,6.14,simverb
give,bring,4.98,simverb
kill,shoot,5.31,simverb
believe,know,3.65,simverb
hurt,smash,4.65,simverb
break,destroy,8.3,simverb
accuse,tell,2.49,simverb
respect,like,5.48,simverb
sell,purchase,2.16,simverb
charge,cover,1.66,simverb
pull,lift,2.82,simverb
destroy,kill,7.8,simverb
succeed,overcome,6.97,simverb
look,examine,8.3,simverb
delay,pause,8.13,simverb
dump,waste,5.98,simverb
know,meet,2.82,simverb
sell,borrow,0.66,simverb
veer,look,1.16,simverb
persuade,discourage,1.66,simverb
talk,describe,5.15,simverb
take,acquire,6.31,simverb
wipe,wash,4.81,simverb
pray,hope,6.97,simverb
determine,understand,6.31,simverb
search,seek,9.63,simverb
pull,detach,4.32,simverb
lean,fall,2.16,simverb
control,hold,5.15,simverb
alter,change,9.63,simverb
seem,appear,7.64,simverb
separate,combine,0.5,simverb
have,hold,4.81,simverb
kill,live,0.33,simverb
finish,start,0.5,simverb
pull,strain,3.65,simverb
brush,paint,6.97,simverb
create,imagine,4.81,simverb
desire,need,5.13,simverb
talk,criticize,2.66,simverb
determine,discover,5.64,simverb
hold,reserve,6.31,simverb
accept,allow,6.94,simverb
bring,carry,4.98,simverb
start,begin,8.8,simverb
prepare,cook,6.14,simverb
hunt,kill,6.81,simverb
look,appear,4.98,simverb
dance,sway,3.82,simverb
salute,acknowledge,4.65,simverb
become,make,4.15,simverb
scare,surprise,5.31,simverb
suppose,guess,7.14,simverb
split,leave,2.99,simverb
receive,send,2.32,simverb
begin,introduce,4.32,simverb
associate,connect,6.97,simverb
reject,accept,0.83,simverb
hurry,rush,9.79,simverb
enjoy,relax,5.81,simverb
introduce,show,6.14,simverb
remark,talk,5.81,simverb
flow,pour,5.31,simverb
play,swing,3.15,simverb
demand,need,2.82,simverb
drip,sink,1.99,simverb
abuse,neglect,6.64,simverb
take,choose,3.82,simverb
tell,talk,8.3,simverb
keep,hold,6.14,simverb
delay,wait,5.48,simverb
grill,burn,2.99,simverb
grab,hold,7.97,simverb
smoke,cough,2.66,simverb
think,pause,4.48,simverb
fight,kill,4.15,simverb
rise,lift,7.47,simverb
strike,blow,7.3,simverb
meet,attend,3.82,simverb
fall,rise,0.33,simverb
talk,debate,5.81,simverb
describe,write,3.65,simverb
hear,tell,0.83,simverb
stab,shoot,1.83,simverb
grasp,understand,8.47,simverb
destroy,repair,0.83,simverb
combine,join,7.47,simverb
join,gather,5.15,simverb
bend,turn,3.32,simverb
define,mean,5.15,simverb
drag,pull,7.3,simverb
spell,speak,2.16,simverb
hide,bury,5.31,simverb
hide,find,1.66,simverb
relax,stretch,3.65,simverb
waste,throw,2.66,simverb
come,bring,1.83,simverb
wait,stay,6.47,simverb
look,inspect,8.96,simverb
portray,play,5.81,simverb
organize,prepare,7.3,simverb
disperse,spread,9.3,simverb
walk,talk,1.33,simverb
protect,help,5.15,simverb
stay,come,1.0,simverb
lean,sway,6.14,simverb
want,hope,5.15,simverb
slide,show,0.66,simverb
choke,swallow,0.5,simverb
keep,snatch,1.83,simverb
sprinkle,pour,2.66,simverb
develop,create,8.3,simverb
supply,give,6.97,simverb
look,observe,9.3,simverb
seize,control,4.48,simverb
leave,escape,5.64,simverb
regret,worry,5.31,simverb
make,develop,6.14,simverb
receive,give,0.66,simverb
print,press,5.31,simverb
express,tell,5.98,simverb
break,connect,0.33,simverb
glance,stare,2.49,simverb
grab,release,0.33,simverb
sweat,shiver,1.16,simverb
perceive,understand,8.3,simverb
solve,find,6.14,simverb
show,dance,2.82,simverb
stretch,pull,6.47,simverb
think,determine,3.82,simverb
talk,pray,2.49,simverb
stop,hamper,4.98,simverb
believe,accept,5.64,simverb
attack,kill,4.23,simverb
save,reserve,6.97,simverb
inspect,find,5.31,simverb
tell,suggest,3.65,simverb
console,help,4.81,simverb
deliver,take,2.49,simverb
watch,examine,7.24,simverb
reject,dislike,6.97,simverb
assault,attack,8.63,simverb
tumble,fall,8.3,simverb
abuse,hurt,6.97,simverb
help,criticize,0.66,simverb
snap,break,7.7,simverb
appear,vanish,1.83,simverb
smell,offend,0.66,simverb
help,lend,5.98,simverb
look,glance,8.8,simverb
reject,hurt,4.32,simverb
show,express,6.64,simverb
choke,cough,3.32,simverb
greet,salute,6.64,simverb
perform,dance,6.31,simverb
divide,unite,0.17,simverb
call,collect,1.81,simverb
cover,bury,6.97,simverb
hurt,offend,6.81,simverb
change,spare,1.83,simverb
haul,pull,8.13,simverb
draw,attract,3.32,simverb
protect,watch,4.98,simverb
taste,acquire,2.82,simverb
read,write,1.81,simverb
shake,dance,5.15,simverb
polish,tarnish,2.32,simverb
grind,smash,4.65,simverb
need,depend,5.81,simverb
tear,wear,1.49,simverb
plead,please,1.66,simverb
neglect,leave,5.98,simverb
show,perform,6.14,simverb
become,arrive,1.33,simverb
talk,argue,3.82,simverb
please,request,1.83,simverb
save,help,8.3,simverb
delay,stop,4.15,simverb
give,return,3.32,simverb
slide,fall,3.82,simverb
portray,show,8.63,simverb
attend,appear,4.15,simverb
practice,repeat,7.47,simverb
find,determine,5.48,simverb
organize,gather,4.81,simverb
change,affect,6.97,simverb
haul,take,4.32,simverb
suppose,imagine,6.31,simverb
follow,come,4.15,simverb
spend,save,1.0,simverb
fling,shoot,4.81,simverb
meet,introduce,2.82,simverb
update,review,4.32,simverb
destroy,smash,6.79,simverb
lean,stand,3.98,simverb
return,take,1.49,simverb
fight,disagree,5.98,simverb
debate,decide,4.65,simverb
follow,chase,7.14,simverb
unite,combine,8.3,simverb
destroy,explode,4.15,simverb
tell,convince,4.48,simverb
help,hurt,0.0,simverb
follow,lead,0.17,simverb
overcome,dominate,4.81,simverb
assume,suppose,9.13,simverb
deliver,give,6.97,simverb
prove,show,6.31,simverb
detach,attach,0.33,simverb
detach,separate,8.13,simverb
need,urge,4.65,simverb
hurt,fall,2.32,simverb
remain,stay,9.13,simverb
scratch,hurt,4.32,simverb
begin,stop,0.33,simverb
think,feel,3.32,simverb
smell,sweat,4.32,simverb
smash,break,9.46,simverb
wash,soak,5.15,simverb
speak,tell,6.81,simverb
decline,reject,9.13,simverb
explain,describe,8.13,simverb
frighten,scare,8.96,simverb
play,perform,5.98,simverb
leave,take,1.16,simverb
conquer,dominate,6.64,simverb
receive,acquire,7.14,simverb
catch,chase,3.49,simverb
assault,hurt,6.81,simverb
attack,fight,6.97,simverb
receive,deliver,1.49,simverb
capture,take,7.47,simverb
fasten,hold,4.32,simverb
come,leave,1.0,simverb
aggravate,frustrate,7.47,simverb
smell,taste,2.49,simverb
strain,lift,1.83,simverb
play,lead,2.32,simverb
talk,console,2.99,simverb
excel,advance,5.81,simverb
sneak,hide,5.64,simverb
persuade,urge,6.81,simverb
tell,describe,7.64,simverb
search,look,9.63,simverb
talk,associate,4.15,simverb
touch,kiss,3.49,simverb
gather,collect,9.63,simverb
have,want,1.83,simverb
reduce,save,4.15,simverb
stop,stay,6.47,simverb
grab,take,5.98,simverb
argue,disagree,6.64,simverb
stare,look,7.47,simverb
walk,crawl,2.32,simverb
assault,aggravate,3.65,simverb
cover,spread,4.98,simverb
take,snatch,7.8,simverb
call,bluff,2.66,simverb
cover,hide,6.47,simverb
keep,save,8.47,simverb
overcome,conquer,7.8,simverb
deliver,bring,6.14,simverb
like,want,3.82,simverb
regret,dislike,3.15,simverb
accept,understand,7.3,simverb
veer,turn,5.43,simverb
assume,know,2.49,simverb
scream,roar,7.14,simverb
convince,talk,4.32,simverb
haul,lift,6.14,simverb
give,sell,2.32,simverb
stop,flow,0.17,simverb
acknowledge,greet,5.64,simverb
collect,acquire,6.97,simverb
enter,leave,1.16,simverb
grab,reach,7.14,simverb
hurt,whip,3.98,simverb
whip,punish,5.81,simverb
hurt,feel,5.15,simverb
fall,bounce,1.66,simverb
deliver,send,6.14,simverb
evaluate,examine,7.8,simverb
lead,direct,6.97,simverb
inspect,search,6.31,simverb
argue,differ,6.14,simverb
want,demand,4.48,simverb
result,finish,6.64,simverb
incline,decline,0.33,simverb
leave,return,0.15,simverb
determine,guess,1.99,simverb
convince,explain,5.31,simverb
join,unite,9.3,simverb
differ,disagree,8.3,simverb
exist,live,8.3,simverb
keep,find,3.49,simverb
receive,take,5.98,simverb
know,think,2.57,simverb
like,adore,5.15,simverb
guess,know,1.83,simverb
burst,explode,8.13,simverb
explain,understand,1.66,simverb
fasten,attach,8.47,simverb
grant,give,6.97,simverb
demand,supply,3.15,simverb
sway,swing,7.47,simverb
spell,write,5.31,simverb
carry,hold,7.09,simverb
slide,swing,3.49,simverb
collect,keep,5.15,simverb
remove,strip,7.47,simverb
crackle,crunch,6.31,simverb
appear,come,3.65,simverb
examine,inspect,8.96,simverb
acknowledge,exist,2.32,simverb
grind,grate,6.47,simverb
drive,permit,1.16,simverb
break,unite,0.5,simverb
smell,touch,1.0,simverb
release,relax,4.48,simverb
grasp,hold,9.3,simverb
take,seize,8.13,simverb
explode,blow,5.81,simverb
perceive,think,6.34,simverb
wander,search,6.97,simverb
bend,stretch,6.14,simverb
pour,drip,3.15,simverb
acknowledge,accept,6.81,simverb
look,review,6.14,simverb
make,break,0.17,simverb
determine,decide,7.8,simverb
hurt,strain,5.81,simverb
wander,worry,1.66,simverb
change,differ,5.81,simverb
prefer,want,6.14,simverb
disperse,separate,5.31,simverb
begin,finish,1.83,simverb
throw,fling,8.3,simverb
interrupt,break,4.65,simverb
pluck,pull,6.47,simverb
make,create,8.6,simverb
change,become,5.48,simverb
crackle,snap,3.92,simverb
hurt,burn,2.99,simverb
spring,bounce,8.8,simverb
accept,decline,0.0,simverb
portray,imitate,7.64,simverb
hold,stay,4.48,simverb
dunk,soak,5.48,simverb
help,scream,1.16,simverb
grab,snatch,7.97,simverb
review,read,4.32,simverb
send,give,5.48,simverb
give,lend,6.49,simverb
grab,seize,7.14,simverb
call,talk,4.98,simverb
fill,cover,3.49,simverb
capture,release,0.66,simverb
follow,trail,7.47,simverb
cast,break,1.33,simverb
greet,meet,5.98,simverb
attend,come,8.75,simverb
stop,wait,5.31,simverb
incline,rise,3.62,simverb
swim,meet,0.5,simverb
change,turn,4.15,simverb
hide,scare,2.16,simverb
criticize,offend,3.32,simverb
lick,taste,4.98,simverb
fasten,loosen,0.33,simverb
crash,smash,6.81,simverb
enjoy,live,2.82,simverb
respect,acknowledge,4.98,simverb
destroy,make,2.26,simverb
divide,separate,7.97,simverb
appear,show,4.98,simverb
change,shift,6.81,simverb
conquer,control,6.47,simverb
divide,split,9.3,simverb
flap,cover,0.66,simverb
pull,press,2.49,simverb
talk,persuade,4.15,simverb
shine,rise,2.16,simverb
hold,seize,4.81,simverb
attend,leave,1.16,simverb
stir,blend,7.14,simverb
like,enjoy,8.63,simverb
wear,adorn,3.98,simverb
send,return,1.99,simverb
hurt,squeeze,2.82,simverb
separate,remove,5.15,simverb
release,give,3.32,simverb
roam,follow,2.82,simverb
read,spell,1.33,simverb
pause,stop,6.64,simverb
punish,scold,6.94,simverb
fall,stand,0.83,simverb
urge,suggest,5.89,simverb
crunch,break,4.81,simverb
decorate,adorn,6.81,simverb
have,give,1.49,simverb
chop,grate,3.49,simverb
suspect,think,6.64,simverb
duplicate,repeat,7.14,simverb
gather,recruit,5.48,simverb
make,prepare,7.3,simverb
show,hide,2.16,simverb
recruit,join,3.98,simverb
decide,choose,8.8,simverb
fight,struggle,5.81,simverb
think,guess,2.99,simverb
speak,talk,9.3,simverb
separate,split,9.13,simverb
cast,play,4.48,simverb
accept,take,8.3,simverb
strain,struggle,6.97,simverb
break,burst,5.31,simverb
decorate,change,4.48,simverb
crash,break,5.64,simverb
remove,leave,4.48,simverb
hold,release,1.16,simverb
urge,want,3.32,simverb
promise,break,0.33,simverb
leave,arrive,0.17,simverb
turn,stir,4.68,simverb
munch,crunch,6.14,simverb
respect,salute,4.81,simverb
dominate,control,7.8,simverb
persuade,change,4.65,simverb
understand,develop,3.15,simverb
connect,join,8.63,simverb
hold,squeeze,3.15,simverb
strain,drain,3.49,simverb
look,seek,8.13,simverb
grant,assume,1.99,simverb
speak,remark,6.64,simverb
seem,look,3.98,simverb
waste,want,0.33,simverb
look,perceive,4.98,simverb
pause,break,6.64,simverb
drift,sway,5.43,simverb
roam,wander,9.13,simverb
succeed,attempt,2.16,simverb
save,spare,5.98,simverb
wander,drift,8.13,simverb
grab,grasp,7.47,simverb
attack,hurt,6.31,simverb
like,dislike,0.17,simverb
bounce,jump,6.81,simverb
seek,hide,0.17,simverb
debate,argue,7.97,simverb
break,split,7.47,simverb
worry,concern,7.8,simverb
update,inform,6.14,simverb
wait,hold,5.15,simverb
look,find,4.98,simverb
bend,lean,5.31,simverb
leave,disperse,5.64,simverb
introduce,know,2.49,simverb
look,evaluate,5.15,simverb
drink,blend,1.0,simverb
fail,discourage,2.82,simverb
multiply,divide,0.5,simverb
debate,fight,6.64,simverb
convince,argue,4.15,simverb
inform,tell,8.63,simverb
earn,spend,1.16,simverb
capture,catch,9.3,simverb
control,operate,7.8,simverb
destroy,conquer,6.14,simverb
promise,keep,3.49,simverb
borrow,return,0.5,simverb
disperse,give,5.15,simverb
sink,swim,1.0,simverb
seek,find,6.47,simverb
dunk,sink,4.32,simverb
create,destroy,1.0,simverb
attend,join,3.82,simverb
seize,grasp,7.47,simverb
drink,stir,1.33,simverb
hang,kill,4.32,simverb
evaluate,determine,6.47,simverb
perceive,deceive,0.17,simverb
define,explain,8.3,simverb
hold,capture,7.97,simverb
detach,tear,6.79,simverb
lean,trim,2.41,simverb
stop,yield,5.48,simverb
grind,dance,4.81,simverb
split,detach,5.31,simverb
break,detach,6.14,simverb
play,show,2.32,simverb
punish,hurt,4.98,simverb
walk,wander,7.14,simverb
glow,shine,8.63,simverb
exhale,inhale,1.0,simverb
help,please,2.49,simverb
urge,desire,6.64,simverb
fasten,snap,5.31,simverb
sink,fall,4.48,simverb
spread,gather,0.66,simverb
touch,grab,4.65,simverb
shake,stir,4.15,simverb
return,come,3.02,simverb
squeeze,play,0.66,simverb
persuade,convince,8.8,simverb
scare,shake,1.16,simverb
fall,catch,1.0,simverb
know,decide,2.99,simverb
believe,doubt,1.0,simverb
walk,stand,3.15,simverb
acknowledge,know,3.98,simverb
draw,write,4.98,simverb
greet,introduce,6.49,simverb
accuse,frame,3.49,simverb
wait,call,0.66,simverb
play,practice,2.66,simverb
perceive,hear,4.15,simverb
engage,start,5.81,simverb
delay,start,0.33,simverb
amaze,surprise,8.13,simverb
give,demand,0.66,simverb
fail,succeed,1.49,simverb
assume,think,5.15,simverb
walk,roam,5.98,simverb
wait,stand,2.82,simverb
understand,acknowledge,5.48,simverb
leave,wait,0.66,simverb
dance,flash,0.66,simverb
desire,want,9.46,simverb
convince,believe,5.15,simverb
succeed,excel,7.8,simverb
worry,think,2.57,simverb
urge,convince,5.58,simverb
drain,sink,3.15,simverb
deliver,arrive,4.68,simverb
think,suppose,6.64,simverb
discover,find,9.13,simverb
lift,raise,9.13,simverb
play,enjoy,4.98,simverb
incline,lean,5.81,simverb
attach,combine,6.64,simverb
pull,grab,3.49,simverb
bound,jump,5.64,simverb
stare,watch,7.64,simverb
save,protect,7.97,simverb
join,belong,5.98,simverb
cast,throw,4.98,simverb
respect,adore,4.65,simverb
save,collect,4.65,simverb
drink,pour,2.32,simverb
stink,smell,8.63,simverb
carry,deliver,3.82,simverb
repair,break,0.17,simverb
stop,interrupt,5.98,simverb
disgust,offend,8.3,simverb
break,escape,2.82,simverb
keep,stay,3.15,simverb
keep,take,2.66,simverb
release,press,0.83,simverb
know,perceive,4.98,simverb
spring,fall,1.0,simverb
produce,make,8.9,simverb
decline,advance,1.33,simverb
yield,wait,5.64,simverb
give,take,1.49,simverb
watch,observe,9.46,simverb
dismiss,release,5.81,simverb
assault,kill,5.81,simverb
follow,search,2.49,simverb
suggest,talk,2.82,simverb
stay,leave,0.17,simverb
start,stop,0.33,simverb
hunt,find,6.97,simverb
carry,haul,8.3,simverb
assault,fight,7.24,simverb
stab,kill,4.81,simverb
cough,swallow,1.99,simverb
scare,scream,2.49,simverb
fight,argue,7.14,simverb
dump,throw,4.15,simverb
connect,attach,7.64,simverb
hurt,stab,5.28,simverb
know,define,4.15,simverb
choke,kill,5.64,simverb
earn,make,5.98,simverb
bring,take,2.11,simverb
fill,pour,6.14,simverb
select,choose,9.13,simverb
hunt,shoot,7.14,simverb
stretch,reach,6.31,simverb
conquer,divide,1.0,simverb
drag,haul,8.45,simverb
need,want,1.99,simverb
give,keep,0.83,simverb
prove,convince,5.48,simverb
keep,reserve,6.81,simverb
carry,lift,7.3,simverb
hurt,criticize,3.65,simverb
kill,smash,5.48,simverb
gather,meet,7.47,simverb
evaluate,think,7.97,simverb
glow,burn,4.32,simverb
attract,like,3.32,simverb
capture,seize,8.3,simverb
hang,hold,3.82,simverb
acknowledge,show,2.82,simverb
pause,wait,8.8,simverb
take,borrow,5.81,simverb
trail,lead,2.32,simverb
hear,speak,1.0,simverb
argue,demand,3.82,simverb
crunch,smash,6.81,simverb
reach,grasp,4.15,simverb
reject,take,0.33,simverb
prefer,choose,5.64,simverb
burn,cook,2.66,simverb
remain,leave,0.5,simverb
engage,begin,6.14,simverb
believe,understand,3.98,simverb
become,succeed,3.98,simverb
touch,reach,3.65,simverb
cook,grill,6.64,simverb
look,watch,8.3,simverb
yield,give,6.31,simverb
tell,explain,6.64,simverb
allow,permit,9.63,simverb
capture,escape,0.5,simverb
arrive,come,7.14,simverb
seize,stop,5.81,simverb
request,want,6.47,simverb
imagine,think,7.64,simverb
decline,fall,6.31,simverb
waste,save,1.0,simverb
worry,doubt,5.89,simverb
show,tell,2.82,simverb
understand,know,6.34,simverb
attend,miss,0.5,simverb
fall,jump,1.49,simverb
like,prefer,8.8,simverb
show,direct,6.64,simverb
lend,borrow,3.49,simverb
criticize,argue,4.65,simverb
catch,receive,6.97,simverb
talk,explain,5.98,simverb
leave,walk,1.83,simverb
leave,release,3.49,simverb
rattle,shake,6.97,simverb
promise,swear,8.3,simverb
look,squint,4.81,simverb
drink,swallow,4.98,simverb
decide,think,4.65,simverb
guess,assume,6.64,simverb
catch,hold,4.32,simverb
dismiss,leave,4.48,simverb
request,demand,4.48,simverb
search,find,4.81,simverb
search,hunt,7.47,simverb
finish,solve,5.98,simverb
remember,think,3.49,simverb
argue,prove,3.49,simverb
catch,throw,1.99,simverb
whip,cook,2.16,simverb
dance,swing,4.15,simverb
swing,hang,3.82,simverb
hide,appear,0.5,simverb
walk,follow,2.82,simverb
change,remain,0.5,simverb
hamper,hurt,4.53,simverb
help,concern,3.49,simverb
crunch,destroy,3.65,simverb
stay,attend,2.32,simverb
struggle,hurt,1.66,simverb
strip,drag,1.16,simverb
excel,drive,2.16,simverb
release,take,1.49,simverb
hear,repeat,0.66,simverb
give,borrow,2.66,simverb
happen,appear,1.83,simverb
deliver,save,1.0,simverb
incline,suggest,4.81,simverb
sneak,look,3.65,simverb
examine,study,8.3,simverb
change,convince,3.98,simverb
accept,deliver,1.66,simverb
spring,fling,4.32,simverb
drive,veer,3.49,simverb
stop,hurt,0.5,simverb
snatch,catch,3.32,simverb
hope,need,1.99,simverb
destroy,seek,0.17,simverb
develop,begin,3.98,simverb
squint,stare,4.15,simverb
spell,define,3.49,simverb
choose,want,2.99,simverb
examine,observe,7.97,simverb
fail,miss,7.3,simverb
charge,accuse,6.31,simverb
shift,drive,3.15,simverb
fight,abuse,5.31,simverb
give,decline,0.33,simverb
leave,join,0.17,simverb
scare,jump,2.66,simverb
hang,fall,0.5,simverb
persuade,argue,5.31,simverb
hurt,kill,4.81,simverb
capture,chase,2.16,simverb
purchase,acquire,8.0,simverb
roam,search,4.81,simverb
keep,capture,5.81,simverb
attach,join,7.47,simverb
taste,swallow,4.48,simverb
guess,choose,3.49,simverb
recycle,waste,0.45,simverb
strike,miss,1.83,simverb
cook,stew,4.65,simverb
scream,scold,4.65,simverb
have,acquire,4.15,simverb
become,seem,1.83,simverb
change,stay,0.5,simverb
shift,turn,4.32,simverb
wash,wear,0.66,simverb
sprinkle,dash,1.99,simverb
direct,help,3.32,simverb
speak,suggest,4.48,simverb
connect,touch,5.98,simverb
drip,fall,1.66,simverb
detach,release,8.63,simverb
spare,strike,1.33,simverb
affect,hurt,2.82,simverb
result,happen,5.43,simverb
snap,crunch,5.64,simverb
express,explain,5.81,simverb
protect,keep,3.98,simverb
drive,desire,1.83,simverb
remove,loosen,3.32,simverb
lift,hold,3.82,simverb
control,capture,4.65,simverb
raise,rise,7.3,simverb
plead,convince,4.81,simverb
grab,squeeze,4.32,simverb
surprise,guess,1.49,simverb
look,read,4.48,simverb
leave,appear,0.66,simverb
enter,escape,1.16,simverb
persuade,sway,7.3,simverb
release,drain,4.15,simverb
leave,help,0.83,simverb
hold,bear,5.31,simverb
wear,strain,3.02,simverb
protect,fight,3.49,simverb
acquire,find,6.81,simverb
release,loosen,4.65,simverb
stay,please,1.83,simverb
neglect,reject,3.49,simverb
repeat,understand,2.16,simverb
persuade,suggest,5.58,simverb
result,affect,6.31,simverb
attract,disgust,0.5,simverb
follow,leave,1.49,simverb
advance,charge,5.98,simverb
allow,grant,8.3,simverb
create,become,2.32,simverb
spray,sprinkle,4.15,simverb
fight,conquer,5.81,simverb
catch,release,0.5,simverb
affect,touch,3.65,simverb
stop,walk,0.17,simverb
swim,flutter,0.83,simverb
please,like,2.82,simverb
kill,conquer,3.82,simverb
hurt,deceive,4.32,simverb
become,appear,2.82,simverb
gather,bring,4.65,simverb
spray,shoot,2.49,simverb
send,disperse,2.32,simverb
stop,accelerate,0.5,simverb
like,imitate,1.33,simverb
drain,remove,5.48,simverb
gather,take,5.48,simverb
take,lift,4.32,simverb
enter,return,2.49,simverb
accept,want,2.66,simverb
taste,touch,1.83,simverb
seem,believe,1.33,simverb
smell,feel,2.16,simverb
veer,lean,3.98,simverb
lead,organize,4.81,simverb
keep,return,0.66,simverb
stop,turn,2.16,simverb
look,yield,1.83,simverb
leave,meet,0.83,simverb
destroy,save,0.3,simverb
please,urge,2.16,simverb
separate,drift,5.64,simverb
delay,hurry,0.33,simverb
lift,evaluate,2.66,simverb
bring,send,1.99,simverb
meet,join,5.31,simverb
gather,leave,0.83,simverb
introduce,acknowledge,3.47,simverb
hold,pull,2.32,simverb
have,receive,2.99,simverb
hamper,hold,3.15,simverb
inhale,smell,6.97,simverb
explain,spell,3.15,simverb
know,update,2.82,simverb
inspect,observe,6.47,simverb
make,allow,1.83,simverb
deliver,stand,0.0,simverb
reach,hold,3.15,simverb
stop,help,1.21,simverb
believe,feel,2.99,simverb
protect,kill,1.49,simverb
help,depend,2.32,simverb
separate,attach,1.0,simverb
grasp,take,5.31,simverb
swing,fall,0.83,simverb
count,evaluate,4.65,simverb
fail,decline,3.65,simverb
know,suggest,1.83,simverb
show,look,1.33,simverb
speak,scream,2.82,simverb
feel,express,6.31,simverb
operate,perform,6.97,simverb
criticize,remark,3.15,simverb
drift,flow,6.81,simverb
kill,look,0.0,simverb
recruit,take,2.66,simverb
crash,fall,3.49,simverb
tell,remark,6.31,simverb
deal,sell,4.48,simverb
understand,solve,5.15,simverb
control,stop,3.49,simverb
prove,solve,5.48,simverb
bend,shake,1.49,simverb
guess,suspect,7.64,simverb
save,earn,2.66,simverb
demand,take,5.64,simverb
launch,send,5.31,simverb
tear,split,8.47,simverb
create,draw,4.48,simverb
assume,believe,2.99,simverb
plead,help,0.66,simverb
excel,lead,4.65,simverb
return,arrive,3.15,simverb
destroy,hurt,5.64,simverb
catch,find,3.98,simverb
sell,suggest,2.66,simverb
engage,meet,4.48,simverb
feel,taste,1.16,simverb
wash,spray,4.65,simverb
collect,organize,5.31,simverb
choose,determine,7.47,simverb
receive,accept,6.31,simverb
wear,remove,1.49,simverb
shoot,hurt,5.31,simverb
stand,rise,6.81,simverb
carry,help,3.15,simverb
frustrate,discourage,4.15,simverb
dare,accept,1.16,simverb
play,fight,3.49,simverb
hold,touch,6.31,simverb
strain,release,2.66,simverb
blend,combine,8.47,simverb
attract,catch,2.82,simverb
protect,hide,4.65,simverb
bend,angle,6.64,simverb
burn,crash,1.99,simverb
pour,drain,4.81,simverb
disperse,collect,0.83,simverb
doubt,know,1.0,simverb
speak,acknowledge,5.31,simverb
leave,detach,2.99,simverb
like,disgust,0.33,simverb
desire,hope,6.81,simverb
practice,dance,0.91,simverb
hurt,pluck,1.49,simverb
start,develop,5.64,simverb
allow,reject,0.17,simverb
dislike,discourage,3.65,simverb
believe,think,5.15,simverb
give,allow,4.65,simverb
separate,join,0.33,simverb
dismiss,allow,2.49,simverb
sneak,scare,2.32,simverb
urge,hurry,3.98,simverb
sweat,relax,0.17,simverb
come,join,4.98,simverb
loosen,relax,7.14,simverb
perceive,assume,5.15,simverb
stop,drive,0.0,simverb
seize,catch,4.65,simverb
receive,earn,6.47,simverb
disperse,release,6.14,simverb
sway,bend,4.98,simverb
attack,seize,4.32,simverb
hold,pause,5.98,simverb
prove,explain,5.98,simverb
attack,engage,4.83,simverb
help,prepare,5.64,simverb
borrow,keep,1.16,simverb
fail,fall,2.99,simverb
disperse,gather,1.33,simverb
hear,talk,1.99,simverb
address,talk,5.98,simverb
accept,like,6.14,simverb
associate,know,6.64,simverb
catch,grab,3.32,simverb
dash,walk,4.48,simverb
remove,release,4.48,simverb
find,escape,0.66,simverb
search,strip,1.66,simverb
release,squeeze,1.21,simverb
search,examine,7.97,simverb
return,recycle,3.49,simverb
engage,fight,4.48,simverb
have,earn,2.66,simverb
worry,waste,0.83,simverb
write,talk,1.66,simverb
grind,chop,2.49,simverb
separate,organize,6.14,simverb
start,create,3.32,simverb
create,decorate,3.15,simverb
protect,hurt,0.0,simverb
find,attract,2.16,simverb
think,talk,1.66,simverb
attend,help,4.81,simverb
persuade,control,4.65,simverb
tear,remove,3.65,simverb
incline,press,2.41,simverb
urge,tell,3.82,simverb
acknowledge,perceive,2.49,simverb
overcome,fail,0.17,simverb
earn,respect,2.32,simverb
kill,punish,2.82,simverb
call,need,2.49,simverb
understand,evaluate,3.49,simverb
grasp,release,0.0,simverb
accept,give,0.5,simverb
wander,leave,3.49,simverb
keep,hide,2.82,simverb
solve,discover,3.15,simverb
reject,leave,5.98,simverb
connect,combine,6.14,simverb
drive,drink,0.5,simverb
attack,capture,3.32,simverb
stay,roam,0.66,simverb
leave,veer,2.49,simverb
hide,swim,0.33,simverb
acquire,tear,0.66,simverb
assume,tumble,0.5,simverb
drip,adore,0.33,simverb
miss,cook,0.17,simverb
drip,urge,1.16,simverb
stink,define,1.0,simverb
appear,blush,2.16,simverb
carry,guess,1.33,simverb
wipe,lead,0.17,simverb
evaluate,sway,1.0,simverb
amaze,separate,0.83,simverb
suspect,turn,1.16,simverb
shoot,inspect,0.17,simverb
discourage,finish,0.5,simverb
collect,please,0.5,simverb
update,tear,0.5,simverb
drink,raise,0.66,simverb
drive,breed,0.0,simverb
polish,inform,0.5,simverb
attend,argue,1.16,simverb
guess,prepare,1.83,simverb
inhale,feed,1.66,simverb
crunch,permit,0.66,simverb
spray,attempt,0.66,simverb
wander,change,1.16,simverb
enjoy,start,0.5,simverb
squeeze,dash,1.16,simverb
smell,remove,1.0,simverb
attack,disgust,0.5,simverb
roam,draw,0.5,simverb
develop,search,3.65,simverb
offend,loosen,0.5,simverb
solve,lend,1.66,simverb
guess,jump,0.83,simverb
excel,loosen,1.49,simverb
dare,acknowledge,1.99,simverb
choke,succeed,0.0,simverb
recruit,stretch,1.33,simverb
bend,decide,0.33,simverb
blur,rush,2.49,simverb
dissolve,adore,0.0,simverb
attend,lift,0.5,simverb
hope,drive,1.16,simverb
pour,awake,0.33,simverb
allow,blend,1.49,simverb
understand,burst,1.83,simverb
shake,collect,0.3,simverb
salute,perform,1.66,simverb
save,imitate,1.33,simverb
enjoy,wait,0.5,simverb
examine,reject,0.83,simverb
please,know,1.83,simverb
separate,snatch,1.66,simverb
flow,explain,2.16,simverb
engage,supply,0.66,simverb
promise,choose,1.49,simverb
scratch,repair,0.5,simverb
hurt,salute,0.0,simverb
live,lend,0.83,simverb
haul,stab,0.33,simverb
snatch,stop,0.5,simverb
connect,talk,3.65,simverb
purchase,wait,0.83,simverb
supply,hold,2.16,simverb
practice,debate,1.49,simverb
look,assault,0.66,simverb
mean,join,1.0,simverb
grasp,spray,1.0,simverb
unite,guess,0.17,simverb
catch,frustrate,0.83,simverb
decide,remove,1.33,simverb
happen,hide,1.16,simverb
overcome,keep,1.49,simverb
observe,vanish,0.5,simverb
discover,count,1.16,simverb
have,possess,8.63,simverb
possess,decorate,0.66,simverb
imitate,impersonate,8.47,simverb
capture,imitate,0.83,simverb
pass,serve,3.49,simverb
apply,exploit,0.66,simverb
return,apply,1.49,simverb
engage,involve,8.3,simverb
involve,include,8.13,simverb
include,engage,6.14,simverb
involve,speak,3.32,simverb
overcome,surpass,7.47,simverb
count,matter,4.15,simverb
count,drive,1.33,simverb
assume,adopt,4.32,simverb
adopt,wash,1.83,simverb
incline,dispose,1.49,simverb
release,discharge,6.64,simverb
discharge,free,5.98,simverb
discharge,roam,1.83,simverb
retire,fail,1.49,simverb
deal,manage,6.14,simverb
manage,slide,1.66,simverb
care,worry,6.31,simverb
care,mind,4.81,simverb
mind,worry,4.15,simverb
care,remain,1.0,simverb
bargain,settle,4.38,simverb
commit,dedicate,7.97,simverb
commit,devote,7.3,simverb
devote,dedicate,7.97,simverb
commit,explode,0.0,simverb
limit,reduce,6.14,simverb
allow,approve,5.81,simverb
permit,approve,6.97,simverb
approve,change,1.0,simverb
protest,release,1.16,simverb
river,water,49.0,men
station,subway,47.0,men
burn,flame,46.0,men
airplane,flight,46.0,men
shade,tree,45.0,men
shore,water,45.0,men
branch,twig,45.0,men
river,stream,45.0,men
pond,water,45.0,men
flood,water,44.0,men
fire,smoke,44.0,men
music,piano,44.0,men
child,mother,43.0,men
subway,train,43.0,men
bloom,blossom,43.0,men
frost,winter,43.0,men
port,ship,43.0,men
cold,winter,43.0,men
building,roof,43.0,men
jazz,music,43.0,men
fire,flame,43.0,men
dawn,sunrise,43.0,men
pool,swim,43.0,men
burn,fire,42.0,men
cold,frozen,42.0,men
paint,painting,42.0,men
evening,night,42.0,men
mother,pregnant,42.0,men
band,music,41.0,men
night,sleep,41.0,men
tree,twig,41.0,men
station,train,41.0,men
bath,wash,41.0,men
mural,painting,41.0,men
shopping,store,41.0,men
family,friend,40.0,men
dirty,wash,40.0,men
subway,underground,40.0,men
sand,shore,40.0,men
door,lock,40.0,men
daughter,mother,40.0,men
child,school,40.0,men
heart,love,40.0,men
nest,twig,40.0,men
happy,smile,40.0,men
door,wall,40.0,men
plant,seed,40.0,men
feel,happy,40.0,men
building,tall,40.0,men
bottle,glass,39.0,men
light,shade,39.0,men
floor,roof,39.0,men
marble,stone,39.0,men
happy,love,39.0,men
bright,light,39.0,men
kiss,love,39.0,men
cold,frost,39.0,men
city,town,39.0,men
blue,grey,39.0,men
hawk,nest,39.0,men
ceiling,roof,39.0,men
beard,face,39.0,men
crow,hawk,38.0,men
city,urban,38.0,men
spring,summer,38.0,men
ceiling,floor,38.0,men
grey,shade,38.0,men
beard,hair,38.0,men
ancient,ruin,38.0,men
face,tear,38.0,men
brown,green,38.0,men
dinner,evening,38.0,men
face,smile,38.0,men
stone,wall,38.0,men
mural,paint,38.0,men
roof,wall,38.0,men
dinner,lunch,37.0,men
costume,dress,37.0,men
brown,grey,37.0,men
paint,picture,37.0,men
child,family,37.0,men
summer,winter,37.0,men
plant,twig,37.0,men
concrete,floor,37.0,men
food,frozen,37.0,men
light,shadow,37.0,men
wash,water,37.0,men
music,rock,37.0,men
piano,play,37.0,men
band,play,37.0,men
grey,white,37.0,men
ceramic,tile,36.0,men
floor,marble,36.0,men
bear,mother,36.0,men
green,grey,36.0,men
door,room,36.0,men
spring,winter,36.0,men
ceiling,room,36.0,men
dawn,night,36.0,men
band,rock,36.0,men
blue,green,36.0,men
drip,water,36.0,men
door,window,36.0,men
bear,live,35.0,men
bath,room,35.0,men
shore,swim,35.0,men
cloud,misty,35.0,men
machine,wash,35.0,men
coffee,dinner,35.0,men
festival,music,35.0,men
blossom,tree,35.0,men
jazz,piano,35.0,men
bloom,plant,35.0,men
ceiling,wall,35.0,men
music,track,35.0,men
dinner,night,35.0,men
floor,room,34.0,men
evening,time,34.0,men
tall,tower,34.0,men
friend,happy,34.0,men
blossom,fruit,34.0,men
animal,wild,34.0,men
roof,tile,34.0,men
band,piano,33.0,men
bright,star,33.0,men
furniture,room,33.0,men
bright,dark,33.0,men
building,floor,33.0,men
arch,roof,33.0,men
game,match,33.0,men
ship,sink,33.0,men
evening,sleep,33.0,men
mural,work,32.0,men
iron,rusty,32.0,men
face,happy,32.0,men
city,live,32.0,men
abandon,ruin,32.0,men
brown,white,32.0,men
game,play,32.0,men
building,concrete,32.0,men
street,town,32.0,men
friend,love,32.0,men
ball,drop,31.0,men
hawk,wild,31.0,men
ceiling,window,31.0,men
dark,grey,31.0,men
blue,white,31.0,men
love,smile,31.0,men
fall,tear,31.0,men
food,fruit,31.0,men
ceramic,floor,31.0,men
dawn,misty,31.0,men
hand,stand,31.0,men
drip,wash,31.0,men
station,underground,30.0,men
fruit,sweet,30.0,men
feel,kiss,30.0,men
bloom,twig,30.0,men
cold,water,30.0,men
misty,sunrise,30.0,men
dark,shade,30.0,men
stop,time,30.0,men
band,uniform,30.0,men
friend,smile,30.0,men
foot,tall,30.0,men
match,play,30.0,men
couple,family,29.0,men
city,ruin,29.0,men
hill,path,29.0,men
dark,white,29.0,men
ancient,city,29.0,men
line,lunch,29.0,men
pool,relax,28.0,men
door,floor,28.0,men
feel,smile,28.0,men
flag,stripe,28.0,men
bear,daughter,28.0,men
arch,bridge,28.0,men
city,square,28.0,men
stand,walk,28.0,men
happy,tear,27.0,men
smile,tear,27.0,men
train,underground,27.0,men
pregnant,round,27.0,men
line,subway,27.0,men
dirty,rusty,27.0,men
band,metal,27.0,men
ruin,stone,27.0,men
fall,stop,27.0,men
match,round,27.0,men
dawn,spring,27.0,men
evening,walk,27.0,men
friend,lady,27.0,men
happy,kiss,26.0,men
flood,line,26.0,men
marble,wall,26.0,men
palace,ruin,26.0,men
frost,shade,26.0,men
grey,stripe,26.0,men
hill,horizon,26.0,men
hand,leave,26.0,men
bright,shade,26.0,men
festival,gate,26.0,men
green,shade,25.0,men
blue,stripe,25.0,men
family,live,25.0,men
craft,game,25.0,men
blue,bright,25.0,men
cold,misty,25.0,men
couple,live,25.0,men
hang,stand,25.0,men
blue,shade,25.0,men
garden,house,25.0,men
feel,tear,24.0,men
stripe,white,24.0,men
happy,time,24.0,men
line,street,24.0,men
drop,hang,24.0,men
nude,painting,24.0,men
dress,match,24.0,men
hill,town,24.0,men
shore,town,24.0,men
bench,game,24.0,men
evening,relax,24.0,men
frost,spring,24.0,men
dirty,hand,24.0,men
arch,wall,24.0,men
bath,floor,24.0,men
fire,sand,23.0,men
blue,dark,23.0,men
nail,rusty,23.0,men
ceiling,marble,23.0,men
card,party,23.0,men
cold,drip,23.0,men
hill,river,23.0,men
friend,night,23.0,men
coffee,lunch,23.0,men
craft,note,23.0,men
dirty,feel,23.0,men
ceiling,door,23.0,men
happy,home,23.0,men
rock,track,23.0,men
footprint,tile,23.0,men
shade,white,23.0,men
arch,concrete,23.0,men
frost,plant,23.0,men
kiss,smile,23.0,men
fall,love,23.0,men
concrete,school,23.0,men
evening,misty,23.0,men
miniature,painting,23.0,men
evening,lunch,23.0,men
hill,shore,22.0,men
happy,idea,22.0,men
light,sleep,22.0,men
grey,rusty,22.0,men
feel,sleep,22.0,men
band,track,22.0,men
happy,sleep,22.0,men
shade,twig,22.0,men
child,live,22.0,men
dirty,drip,21.0,men
shopping,street,21.0,men
horse,work,21.0,men
school,traffic,21.0,men
house,poster,21.0,men
brown,hawk,21.0,men
city,small,21.0,men
square,town,21.0,men
foot,piano,21.0,men
curl,whisker,21.0,men
dinner,room,21.0,men
drop,time,21.0,men
live,race,21.0,men
fall,stand,21.0,men
feel,idea,21.0,men
ruin,town,21.0,men
lunch,relax,21.0,men
bright,fruit,20.0,men
dead,hang,20.0,men
cone,hill,20.0,men
friend,relax,20.0,men
hold,nest,20.0,men
farm,wind,20.0,men
cold,wash,20.0,men
idea,people,20.0,men
coffee,room,20.0,men
kiss,tear,20.0,men
club,match,19.0,men
leave,stop,19.0,men
cold,summer,19.0,men
market,white,19.0,men
miniature,paint,19.0,men
evening,friend,19.0,men
city,mill,19.0,men
hang,rusty,18.0,men
dinner,relax,18.0,men
cross,tower,18.0,men
feel,friend,18.0,men
ruin,tower,18.0,men
smile,walk,18.0,men
dark,rusty,18.0,men
lunch,walk,18.0,men
painting,work,18.0,men
garage,garden,18.0,men
happy,stand,17.0,men
ball,square,17.0,men
port,sweet,17.0,men
night,stop,17.0,men
foot,friend,17.0,men
hang,time,17.0,men
happy,night,17.0,men
club,play,17.0,men
couple,race,17.0,men
play,sign,17.0,men
parade,store,17.0,men
curl,leaf,17.0,men
bright,grey,16.0,men
foot,train,16.0,men
blue,happy,16.0,men
family,town,16.0,men
curve,dance,16.0,men
bridge,ceramic,16.0,men
button,grey,16.0,men
club,sign,16.0,men
circle,snake,16.0,men
dinner,sleep,16.0,men
line,underground,16.0,men
dirty,tear,16.0,men
family,square,16.0,men
cold,silver,15.0,men
club,cone,15.0,men
hang,leave,15.0,men
rusty,shade,15.0,men
stripe,urban,15.0,men
smile,view,15.0,men
school,tear,15.0,men
food,wild,15.0,men
smile,time,15.0,men
city,round,15.0,men
nail,wolf,15.0,men
bath,sleep,15.0,men
blue,poster,14.0,men
drip,rusty,14.0,men
garden,smoke,14.0,men
glass,mill,14.0,men
race,square,14.0,men
smile,stand,14.0,men
frost,summer,14.0,men
animal,hand,14.0,men
game,sign,14.0,men
dead,face,14.0,men
leave,walk,14.0,men
dark,stripe,14.0,men
animal,mural,14.0,men
leave,play,14.0,men
happy,walk,14.0,men
sink,time,14.0,men
stripe,train,14.0,men
feel,stop,13.0,men
dirty,happy,13.0,men
ruin,shore,13.0,men
bear,play,13.0,men
party,seat,13.0,men
dirty,hang,13.0,men
circle,sport,13.0,men
hang,happy,13.0,men
curl,lick,13.0,men
people,stop,13.0,men
ceramic,live,13.0,men
dark,sand,13.0,men
shore,tear,12.0,men
display,scratch,12.0,men
ball,curl,12.0,men
blue,swing,12.0,men
kiss,stop,12.0,men
face,stand,12.0,men
city,family,12.0,men
drop,rusty,12.0,men
parade,table,12.0,men
twig,underground,12.0,men
chair,holiday,12.0,men
mill,wild,12.0,men
shore,small,12.0,men
foot,mural,12.0,men
leave,smile,11.0,men
military,reflection,11.0,men
smile,stop,11.0,men
airplane,market,11.0,men
hang,tear,11.0,men
dirty,friend,11.0,men
blue,hand,11.0,men
mural,taxi,11.0,men
happy,lick,11.0,men
desert,smoke,11.0,men
leave,rusty,11.0,men
hang,stop,11.0,men
feel,hang,10.0,men
drip,round,10.0,men
friend,stop,10.0,men
step,wind,10.0,men
rusty,stand,10.0,men
bright,rusty,10.0,men
house,stop,10.0,men
display,pond,10.0,men
stand,tear,10.0,men
lady,stop,10.0,men
jacket,stream,10.0,men
dirty,smile,10.0,men
friend,rusty,10.0,men
friend,leave,10.0,men
family,hawk,10.0,men
feel,time,10.0,men
face,hang,10.0,men
cross,shopping,10.0,men
club,river,9.0,men
lick,stop,9.0,men
idea,rusty,9.0,men
lick,marble,9.0,men
branch,protest,9.0,men
abandon,frost,9.0,men
leave,night,9.0,men
green,number,9.0,men
shade,whisker,9.0,men
flame,word,9.0,men
couple,square,9.0,men
abandon,button,9.0,men
horse,sweet,9.0,men
cold,flag,8.0,men
protest,tile,8.0,men
beard,sport,8.0,men
footprint,holiday,8.0,men
hair,shore,8.0,men
kiss,rusty,8.0,men
desert,roof,8.0,men
bread,chair,7.0,men
hang,smile,7.0,men
clock,stripe,7.0,men
idea,stop,7.0,men
bear,subway,7.0,men
rusty,tear,7.0,men
bloom,friend,7.0,men
cloud,kitten,7.0,men
pillow,stone,7.0,men
frost,protest,7.0,men
face,stop,7.0,men
snake,taxi,7.0,men
lock,misty,6.0,men
party,sink,6.0,men
ancient,poster,6.0,men
chair,word,6.0,men
happy,stop,5.0,men
lick,rusty,5.0,men
piano,wolf,5.0,men
girl,wind,5.0,men
flight,whisker,4.0,men
happy,rusty,3.0,men
machine,pond,3.0,men
festival,whisker,1.0,men
hard,difficult,8.77,simlex
happy,cheerful,9.55,simlex
hard,easy,0.95,simlex
fast,rapid,8.75,simlex
happy,glad,9.17,simlex
wide,narrow,1.03,simlex
easy,difficult,0.58,simlex
hard,simple,1.38,simlex
insane,crazy,9.57,simlex
large,huge,9.47,simlex
hard,tough,8.05,simlex
sharp,dull,0.6,simlex
quick,rapid,9.7,simlex
happy,angry,1.28,simlex
simple,easy,9.4,simlex
guilty,ashamed,6.38,simlex
confident,sure,8.27,simlex
nice,cruel,0.67,simlex
strong,proud,3.17,simlex
difficult,simple,0.87,simlex
necessary,important,7.37,simlex
honest,guilty,1.18,simlex
easy,tough,0.52,simlex
easy,flexible,4.1,simlex
certain,sure,8.42,simlex
different,normal,1.08,simlex
crucial,important,8.82,simlex
scarce,rare,9.17,simlex
long,narrow,3.57,simlex
bizarre,strange,9.37,simlex
modern,ancient,0.73,simlex
dull,funny,0.55,simlex
happy,young,2.0,simlex
tiny,huge,0.6,simlex
polite,proper,7.63,simlex
exotic,rare,8.05,simlex
formal,proper,8.02,simlex
delightful,cheerful,6.58,simlex
sick,crazy,3.57,simlex
laden,heavy,5.9,simlex
dirty,cheap,1.6,simlex
bold,proud,3.97,simlex
fresh,wide,0.4,simlex
large,flexible,0.48,simlex
dirty,narrow,0.3,simlex
winter,summer,2.38,simlex
roof,ceiling,7.58,simlex
river,stream,7.3,simlex
date,calendar,4.42,simlex
second,minute,4.62,simlex
paper,cardboard,5.38,simlex
floor,ceiling,1.73,simlex
business,industry,7.02,simlex
winter,season,6.27,simlex
window,door,3.33,simlex
absence,presence,0.4,simlex
school,grade,4.42,simlex
chair,bench,6.67,simlex
business,company,9.02,simlex
money,capital,6.67,simlex
hand,foot,4.17,simlex
door,gate,5.25,simlex
horn,drum,2.68,simlex
band,parade,3.92,simlex
noise,rattle,6.17,simlex
wire,cord,7.62,simlex
water,salt,1.3,simlex
situation,condition,6.58,simlex
style,fashion,8.5,simlex
animal,person,3.05,simlex
curve,angle,3.33,simlex
foot,head,2.3,simlex
story,topic,5.0,simlex
couple,pair,8.33,simlex
wood,paper,2.88,simlex
father,daughter,2.62,simlex
belief,opinion,7.7,simlex
reality,illusion,1.42,simlex
game,trick,2.32,simlex
worker,mechanic,4.92,simlex
goal,quest,5.83,simlex
august,month,5.53,simlex
circumstance,situation,7.85,simlex
opinion,choice,5.43,simlex
room,bath,3.33,simlex
opinion,idea,5.7,simlex
card,bridge,1.97,simlex
crowd,bunch,7.42,simlex
wealth,prestige,6.07,simlex
endurance,strength,6.58,simlex
tongue,throat,3.1,simlex
house,carpet,1.38,simlex
song,story,3.97,simlex
idea,image,3.55,simlex
father,brother,4.2,simlex
ball,costume,2.32,simlex
attention,interest,7.22,simlex
argument,agreement,1.45,simlex
floor,deck,5.55,simlex
roof,floor,2.62,simlex
door,floor,1.67,simlex
shoulder,head,3.42,simlex
sorrow,shame,4.77,simlex
population,people,7.68,simlex
girl,child,5.38,simlex
head,nail,2.47,simlex
bone,neck,2.53,simlex
club,society,5.23,simlex
reflection,image,7.27,simlex
people,party,2.2,simlex
effort,difficulty,4.45,simlex
value,belief,7.07,simlex
discussion,argument,5.48,simlex
activity,movement,7.15,simlex
gossip,news,5.22,simlex
home,state,2.58,simlex
area,corner,2.07,simlex
article,journal,6.18,simlex
crowd,parade,3.93,simlex
room,cell,4.58,simlex
throat,nose,2.8,simlex
bone,elbow,3.78,simlex
muscle,bone,3.65,simlex
muscle,tongue,5.0,simlex
night,dawn,2.95,simlex
nail,hand,3.42,simlex
nose,mouth,3.73,simlex
belief,impression,5.95,simlex
anger,mood,4.1,simlex
elegance,style,5.72,simlex
friend,mother,2.53,simlex
chapter,choice,0.48,simlex
trick,size,0.48,simlex
choice,vein,0.98,simlex
endurance,band,0.4,simlex
hole,agreement,0.3,simlex
presence,door,0.48,simlex
night,chapter,0.48,simlex
bath,trick,0.58,simlex
course,stomach,0.58,simlex
hymn,straw,0.4,simlex
stomach,vein,2.35,simlex
occur,happen,9.32,simlex
multiply,divide,1.75,simlex
kill,destroy,5.9,simlex
create,make,8.72,simlex
accept,reject,0.83,simlex
carry,bring,5.8,simlex
leave,enter,0.95,simlex
receive,give,1.47,simlex
imitate,portray,6.75,simlex
think,decide,5.13,simlex
greet,meet,6.17,simlex
destroy,make,1.6,simlex
save,protect,6.58,simlex
give,lend,7.22,simlex
understand,know,7.47,simlex
take,receive,5.08,simlex
accept,acknowledge,6.88,simlex
decide,choose,8.87,simlex
accept,believe,6.75,simlex
keep,possess,8.27,simlex
roam,wander,8.83,simlex
succeed,fail,0.83,simlex
spend,save,0.55,simlex
come,attend,8.1,simlex
know,believe,5.5,simlex
gather,meet,7.3,simlex
make,earn,7.62,simlex
arrive,leave,1.33,simlex
arrive,come,7.05,simlex
send,receive,1.08,simlex
kill,choke,4.92,simlex
leave,remain,2.53,simlex
take,carry,5.23,simlex
take,deliver,4.37,simlex
speak,hear,3.02,simlex
take,possess,7.2,simlex
kill,hang,4.45,simlex
create,imagine,5.13,simlex
appear,attend,6.28,simlex
argue,differ,5.15,simlex
overcome,dominate,6.25,simlex
fail,discourage,3.33,simlex
come,bring,2.42,simlex
take,leave,2.47,simlex
please,plead,2.98,simlex
argue,prove,4.83,simlex
inspect,examine,8.75,simlex
make,become,4.77,simlex
borrow,sell,1.73,simlex
keep,protect,5.4,simlex
explain,prove,4.1,simlex
argue,persuade,6.23,simlex
explore,discover,8.48,simlex
keep,borrow,2.25,simlex
arrange,organize,8.27,simlex
speak,acknowledge,4.67,simlex
give,borrow,2.22,simlex
deliver,carry,3.88,simlex
become,seem,2.63,simlex
contemplate,think,8.82,simlex
want,choose,4.78,simlex
become,appear,4.77,simlex
leave,wander,3.57,simlex
keep,give,1.05,simlex
give,allow,5.15,simlex
bring,send,2.97,simlex
acquire,find,6.38,simlex
leave,appear,0.97,simlex
create,destroy,0.63,simlex
collect,save,6.67,simlex
accept,deliver,1.58,simlex
attach,join,7.75,simlex
portray,decide,1.18,simlex
organize,become,1.77,simlex
give,know,0.88,simlex
borrow,want,1.77,simlex
join,acquire,2.85,simlex
send,attend,1.67,simlex
gather,attend,4.8,simlex
attend,arrive,6.08,simlex
brazil,nut,1.1,scws
brazil,triple,0.6,scws
cd,aglow,1.8,scws
harvard,yale,5.9,scws
harvard,cambridge,8.1,scws
israel,east,2.1,scws
israel,israeli,8.1,scws
japanese,american,4.0,scws
jerusalem,israel,8.2,scws
jerusalem,wall,0.3,scws
mexico,brazil,4.4,scws
mexico,puebla,6.0,scws
opec,saudi,5.0,scws
palestinian,arab,4.1,scws
wednesday,news,2.6,scws
wednesday,weekday,6.3,scws
yale,haven,1.5,scws
ability,know-how,7.45,scws
abuse,abuse,6.8,scws
abuse,persecution,5.7,scws
accepted,accepted,9.3,scws
accepted,acknowledged,7.4,scws
accepted,believe,4.7,scws
accepted,welcome,4.5,scws
accommodate,accommodate,8.6,scws
accommodate,adjust,4.55,scws
accommodation,accommodation,4.3,scws
accommodation,settlement,5.3,scws
acronym,form,3.6,scws
activity,activity,8.6,scws
activity,inaction,6.0,scws
admission,confession,2.3,scws
admission,matriculation,5.6,scws
advance,advance,8.1,scws
advance,headway,5.28,scws
advance,propose,2.4,scws
advance,recovery,0.4,scws
advance,string,0.5,scws
advised,inform,7.1,scws
advised,murder,1.0,scws
affect,affect,7.8,scws
affect,tense,2.2,scws
aged,aged,8.7,scws
aged,develop,2.2,scws
aged,old,8.1,scws
aged,worn,2.9,scws
aged,young,6.0,scws
aim,cause,5.2,scws
aim,hold,1.8,scws
aim,thing,2.2,scws
airport,airfield,6.75,scws
alcohol,chemistry,3.6,scws
alcohol,sterol,2.85,scws
aluminum,component,2.4,scws
aluminum,metal,8.1,scws
ambush,surprise,4.7,scws
animal,herbivore,5.45,scws
announcement,effort,1.0,scws
announcement,news,7.0,scws
announcement,production,0.8,scws
announcement,statement,3.6,scws
announcement,warning,5.4,scws
answering,answering,8.1,scws
answering,counter,4.65,scws
answering,react,4.1,scws
antecedent,cause,5.3,scws
anxiety,worry,7.6,scws
approach,access,3.02,scws
approach,approach,5.9,scws
approach,converge,5.6,scws
arch,curve,6.5,scws
architecture,building,7.2,scws
architecture,century,1.7,scws
architecture,urban,1.4,scws
arch,shoulder,1.8,scws
area,area,6.88,scws
area,space,7.3,scws
arrangement,flower,1.9,scws
arrival,hotel,1.9,scws
artifact,weight,0.0,scws
ash,bone,2.6,scws
assignment,document,4.9,scws
assimilation,americanization,3.3,scws
assimilation,assimilation,8.5,scws
association,association,3.8,scws
association,realtor,2.4,scws
astronomer,astrophysicist,7.15,scws
asylum,bedlam,2.8,scws
asylum,madhouse,5.75,scws
asylum,shelter,5.7,scws
atmosphere,atmosphere,9.35,scws
atmosphere,landscape,4.94,scws
atmosphere,stp,3.0,scws
attempt,activity,4.0,scws
attempt,crime,1.35,scws
attempted,initiate,5.95,scws
attempt,give,2.5,scws
attempt,initiate,4.9,scws
attempt,peace,1.3,scws
attended,attended,8.1,scws
attended,minister,2.75,scws
attitude,guard,2.5,scws
attitude,respect,3.9,scws
automobile,window,0.5,scws
avenue,approach,5.6,scws
avenue,street,7.49,scws
baby,baby,6.55,scws
baby,mother,1.4,scws
baby,treat,1.8,scws
back,lumbar,1.6,scws
back,out,2.8,scws
back,second,2.4,scws
back,side,0.5,scws
bank,bank,4.8,scws
bank,money,2.5,scws
bank,riverbank,3.5,scws
base,air,3.45,scws
baseball,equipment,2.1,scws
base,build,4.2,scws
base,structure,5.0,scws
basketball,ball,4.95,scws
basketball,tip-off,1.0,scws
bat,bat,1.55,scws
bat,fruit,1.55,scws
bats,bat,8.25,scws
bats,bats,3.0,scws
bats,placental,3.6,scws
bat,turn,0.5,scws
beam,beam,5.8,scws
beam,shore,2.3,scws
beam,signal,6.0,scws
bed,closet,3.05,scws
bed,plant,0.7,scws
bed,platform,2.2,scws
bed,plot,2.5,scws
benchmark,index,2.7,scws
benchmark,point,5.0,scws
bent,bent,1.7,scws
bent,double,1.6,scws
bent,inclination,6.4,scws
bias,experimenter,3.45,scws
bias,line,0.4,scws
bigger,bigger,8.2,scws
bigger,large,8.25,scws
bird,meat,4.4,scws
bishop,rabbi,4.75,scws
bishop,wine,0.9,scws
bitter,ale,5.0,scws
bitter,bitter,7.45,scws
bitter,resentful,7.35,scws
bitter,taste,7.2,scws
block,area,3.3,scws
block,block,1.1,scws
block,close,3.8,scws
blow,blow,7.4,scws
blowing,exhale,5.65,scws
blow,insufflate,2.45,scws
blown,blown,4.3,scws
blow,swat,0.7,scws
board,deal,4.45,scws
board,directorate,6.4,scws
book,open,1.9,scws
book,paper,4.9,scws
book,phrase,3.5,scws
book,picture,3.15,scws
booster,advertiser,2.3,scws
booster,advocate,1.6,scws
booster,booster,7.2,scws
bootleg,covering,1.4,scws
bootleg,produce,2.5,scws
bootleg,whiskey,1.6,scws
bore,cut,0.7,scws
bore,flow,1.6,scws
bore,stuff,0.9,scws
bound,boundary,5.7,scws
bound,line,1.6,scws
bound,skirt,1.8,scws
bound,vault,2.1,scws
bow,bow,0.1,scws
bow,knot,2.3,scws
bowling,ball,1.4,scws
bowling,wheel,1.4,scws
bow,yield,2.5,scws
boxing,hit,4.3,scws
boxing,round,1.4,scws
boy,angstrom,1.6,scws
boy,bat,0.55,scws
branching,bifurcation,3.0,scws
branching,grow,3.2,scws
bread,butter,5.65,scws
bread,cover,0.7,scws
bread,money,2.35,scws
bring,change,2.9,scws
bring,return,5.5,scws
bronze,nickel,7.2,scws
bronze,sculpture,5.5,scws
brother,freemason,2.5,scws
brother,monk,1.1,scws
buck,bill,4.2,scws
buck,horse,1.3,scws
buffer,zone,4.1,scws
bug,defect,7.0,scws
bug,insect,7.9,scws
burning,burning,6.1,scws
burning,change,1.5,scws
burning,important,0.0,scws
burnt,burnt,8.5,scws
burnt,treated,1.0,scws
bury,bury,5.6,scws
bury,hide,6.7,scws
bury,lay,3.75,scws
cabbage,steal,5.0,scws
cake,dish,5.9,scws
cake,tablet,1.9,scws
calculation,interpolation,4.25,scws
camp,camp,7.7,scws
camp,gathering,3.9,scws
camping,pitch,1.2,scws
capital,assets,5.5,scws
capital,primary,3.7,scws
capital,seed,0.4,scws
car,automobile,8.8,scws
card,card,4.9,scws
card,playing,4.6,scws
card,ration,3.2,scws
card,see,2.6,scws
car,limousine,2.8,scws
carnivore,predator,8.1,scws
carrier,carrier,9.5,scws
carrier,traveler,4.3,scws
carrier,vehicle,3.9,scws
cash,credit,6.1,scws
cast,cast,6.4,scws
cast,gathering,3.25,scws
cast,give,3.1,scws
cast,shoot,2.1,scws
catching,catch,6.3,scws
catching,catching,9.55,scws
catching,discovery,0.7,scws
catching,perceive,1.5,scws
catching,playing,3.5,scws
category,kind,5.05,scws
cat,feline,7.1,scws
cat,man,2.0,scws
cell,compartment,5.0,scws
cell,membrane,5.7,scws
cemetery,site,4.67,scws
center,center,6.4,scws
center,central,3.4,scws
center,fiscal,1.0,scws
center,refer,0.3,scws
center,think,1.7,scws
center,tract,4.0,scws
century,integer,2.0,scws
century,nation,1.3,scws
century,year,6.3,scws
challenge,litigate,4.4,scws
challenge,situation,4.4,scws
championship,contest,6.5,scws
championship,tournament,8.1,scws
chance,credibility,2.8,scws
chance,fortune,3.3,scws
chance,ring,1.15,scws
change,attitude,3.3,scws
change,change,9.3,scws
change,relation,2.7,scws
channels,transmission,5.65,scws
channels,transmission,4.55,scws
charcoal,fuel,7.0,scws
checked,checked,8.8,scws
checked,examine,6.2,scws
chemistry,substance,2.65,scws
children,offspring,6.2,scws
cholera,infectious,6.5,scws
chord,arpeggio,6.25,scws
chord,play,3.7,scws
circulation,circulation,6.0,scws
circulation,dissemination,3.75,scws
citation,act,1.2,scws
citation,award,3.55,scws
citation,citation,5.3,scws
citizen,national,4.6,scws
clean,dry,4.2,scws
clean,jerk,3.2,scws
clean,remove,6.85,scws
clear,area,1.5,scws
clear,clear,7.3,scws
clear,innocence,4.6,scws
clear,make,2.8,scws
clinic,session,2.2,scws
closed,closed,6.55,scws
closed,state,2.1,scws
closed,up,2.5,scws
closet,clothes,3.9,scws
closet,storage,3.8,scws
closet,toilet,1.8,scws
closing,closing,5.8,scws
closing,finale,4.6,scws
closing,motion,0.6,scws
closing,open,4.3,scws
closing,snap,2.3,scws
coast,forest,3.4,scws
coast,glide,5.05,scws
coast,hill,2.95,scws
coast,shore,7.45,scws
coast,slope,2.3,scws
cock,penis,6.0,scws
coffee,arab,0.6,scws
cognition,populace,1.7,scws
collect,collect,4.9,scws
collect,due,4.4,scws
collection,archives,5.9,scws
collection,data,6.2,scws
collect,prayer,1.05,scws
collect,scrape,1.8,scws
collect,take,5.0,scws
colored,black,4.1,scws
colored,black,3.8,scws
colored,grey,7.0,scws
colors,colors,9.6,scws
colors,emblem,2.6,scws
colors,ensign,2.6,scws
colors,pigment,6.4,scws
combination,scheme,1.6,scws
commit,commit,8.05,scws
commit,vow,3.4,scws
communication,abstraction,2.1,scws
communications,discipline,1.9,scws
communications,transmission,5.9,scws
compact,case,1.9,scws
compact,pack,2.8,scws
compact,packed,4.9,scws
compact,short,3.4,scws
compact,write,1.5,scws
company,company,8.4,scws
company,stock,1.6,scws
competition,price,3.2,scws
competition,relation,2.0,scws
compound,enhance,0.6,scws
compound,recombine,5.02,scws
compound,whole,4.01,scws
computation,conversion,3.8,scws
computation,procedure,3.4,scws
computer,internet,7.38,scws
computer,keyboard,5.6,scws
computer,number,2.9,scws
computer,platform,4.9,scws
computer,software,7.4,scws
concert,plan,1.1,scws
concert,rock,4.3,scws
concert,virtuoso,3.85,scws
conclusion,assumption,5.25,scws
conclusion,conclusion,8.1,scws
conclusion,judgment,6.7,scws
connect,connect,6.9,scws
constellation,natural,2.6,scws
constellation,topology,1.3,scws
content,collection,5.3,scws
content,disapproval,1.6,scws
content,limit,3.3,scws
convinced,disarm,2.35,scws
cool,air-conditioned,7.75,scws
cool,coldness,4.2,scws
cool,cool,9.8,scws
cool,state,2.2,scws
counter,act,2.8,scws
counter,answer,2.2,scws
counter,equipment,2.7,scws
counter,negative,2.7,scws
country,ally,3.3,scws
country,citizen,4.0,scws
course,course,7.4,scws
course,stream,2.3,scws
course,workshop,2.8,scws
covering,blanket,3.0,scws
covering,bootleg,1.4,scws
covering,cloak,3.4,scws
covering,covering,6.85,scws
covering,submerge,2.65,scws
crabs,crab,10.0,scws
crack,check,2.1,scws
crack,crack,5.5,scws
cracking,crack,8.4,scws
cracking,cracking,8.75,scws
cracking,noise,5.9,scws
cracking,sound,4.7,scws
credit,card,5.3,scws
credit,credit,3.1,scws
credit,information,1.5,scws
credit,money,8.3,scws
credit,ovation,3.9,scws
crew,man,3.4,scws
crisis,emergency,7.5,scws
criterion,condition,6.5,scws
criterion,measurement,3.15,scws
cross,marking,2.55,scws
cross,meet,6.6,scws
cucumber,gherkin,6.8,scws
cucumber,melon,6.5,scws
culture,counterculture,5.1,scws
culture,culture,8.7,scws
culture,grow,1.1,scws
culture,subculture,7.2,scws
cup,artifact,1.9,scws
cup,coffee,2.88,scws
cup,drink,1.1,scws
cup,entity,1.5,scws
cup,food,3.9,scws
cup,liquid,2.8,scws
cup,object,1.8,scws
cup,shape,4.3,scws
cup,substance,0.5,scws
cup,tableware,2.3,scws
curb,bit,2.1,scws
curb,smother,3.55,scws
curb,train,2.2,scws
currency,exchange,5.1,scws
currency,market,5.95,scws
currency,prevalence,1.25,scws
cutting,nip,5.0,scws
damned,lost,3.15,scws
damned,people,1.8,scws
damned,raise,1.4,scws
dawn,begin,3.8,scws
dawn,hour,3.1,scws
day,morrow,1.2,scws
deaf,people,1.3,scws
death,inmate,2.3,scws
death,organic,2.3,scws
death,row,1.6,scws
deceased,born,5.9,scws
deceased,dead,8.0,scws
decoration,service,1.1,scws
decoration,set,2.5,scws
decoration,valor,2.35,scws
defeat,disappointment,4.45,scws
defeated,people,2.0,scws
defeated,upset,4.15,scws
defeat,ending,4.5,scws
defeat,overrun,8.7,scws
defeat,veto,3.5,scws
defense,biological,0.9,scws
defense,defense,8.8,scws
defense,protection,8.5,scws
delay,catch,1.8,scws
delay,delay,9.3,scws
delay,hesitate,5.5,scws
delay,moratorium,2.0,scws
delay,news,3.1,scws
delay,racism,0.0,scws
deliver,serve,3.2,scws
demand,call,3.8,scws
demand,claim,5.9,scws
demand,demand,7.65,scws
demand,request,6.1,scws
demand,supply,5.8,scws
demonic,evil,7.6,scws
departure,variation,1.1,scws
deployment,departure,3.5,scws
deployment,redeployment,7.1,scws
deposit,geological,2.6,scws
depression,depression,5.7,scws
depression,state,4.6,scws
derived,derived,8.7,scws
derived,reap,4.4,scws
develop,mental,0.85,scws
development,deepening,3.6,scws
development,elaboration,4.1,scws
direction,combination,2.15,scws
direction,direction,6.5,scws
direction,qibla,2.6,scws
disability,anorgasmia,3.9,scws
disability,death,1.8,scws
disabled,people,1.8,scws
disabled,unfit,5.1,scws
disaster,adversity,5.3,scws
disaster,wave,2.35,scws
discipline,discipline,3.2,scws
discipline,science,3.44,scws
discipline,system,2.35,scws
discovery,breakthrough,7.95,scws
discovery,disclosure,3.1,scws
discovery,space,2.1,scws
display,display,6.28,scws
display,light,3.1,scws
display,model,4.6,scws
display,stick,2.3,scws
ditch,abandon,6.3,scws
ditch,drain,4.2,scws
ditch,waterway,4.8,scws
dividend,calculation,2.9,scws
dividend,numerator,4.2,scws
diving,meet,3.45,scws
diving,one-half,0.3,scws
diving,submerge,5.0,scws
doctor,nurse,6.35,scws
doctor,personnel,3.3,scws
doctor,primary,1.3,scws
doctor,theologian,5.7,scws
dollar,bill,2.2,scws
dollar,buck,0.5,scws
dollar,dominican,1.0,scws
dollar,loss,0.75,scws
dollar,profit,4.6,scws
dot,cover,2.15,scws
dot,disk,2.4,scws
dot,dot,0.7,scws
dot,seashore,1.0,scws
double,hit,3.85,scws
double,hit,0.6,scws
double,multiple,5.65,scws
double,multiple,4.9,scws
draw,draw,5.8,scws
draw,entertainer,2.6,scws
draw,gully,2.3,scws
drawing,drag,3.95,scws
drawing,draw,5.95,scws
drawing,drawing,7.7,scws
drawing,frame,0.6,scws
draw,twitch,1.9,scws
dress,formal,2.1,scws
dress,morning,0.0,scws
dress,neckline,4.7,scws
dress,wear,7.8,scws
drink,car,2.4,scws
drink,drink,5.6,scws
drink,ear,1.5,scws
drink,eat,5.3,scws
drink,mother,1.0,scws
drink,mouth,3.6,scws
drink,murder,1.2,scws
drink,turn,1.3,scws
drive,drive,3.9,scws
drive,impulse,4.0,scws
drive,mechanism,3.6,scws
drive,operate,2.0,scws
drive,ride,4.4,scws
drop,descend,4.2,scws
drop,drop,8.2,scws
drop,measure,1.4,scws
dropping,dropping,8.3,scws
drop,sink,4.3,scws
drop,teardrop,2.7,scws
drought,time,1.5,scws
drug,abuse,5.3,scws
drug,anesthetic,7.65,scws
dwelling,exist,4.6,scws
earning,murder,0.1,scws
eat,bread,5.75,scws
eat,eat,7.6,scws
ecology,environment,7.6,scws
education,education,8.0,scws
effects,backdate,1.2,scws
effects,effects,9.9,scws
effects,happen,3.2,scws
effects,repercussion,6.1,scws
effort,liberation,2.05,scws
egg,white,1.4,scws
eliminate,eliminate,7.7,scws
eliminate,out,4.4,scws
emergency,temp,0.5,scws
emphasized,stress,8.4,scws
endeavor,worst,3.4,scws
energy,crisis,0.9,scws
energy,energy,7.4,scws
energy,force,3.5,scws
energy,heat,4.1,scws
energy,laboratory,1.9,scws
energy,secretary,1.0,scws
entity,abstraction,2.0,scws
environment,habitat,6.25,scws
equal,differ,5.0,scws
equal,inadequate,3.7,scws
equality,sameness,7.05,scws
equality,tie,2.3,scws
equal,person,0.6,scws
equipment,maker,2.4,scws
equipment,rescue,0.7,scws
establishment,collectivization,2.7,scws
establishment,establishment,5.95,scws
establishment,institution,7.6,scws
even,change,1.2,scws
even,change,0.3,scws
evidence,identification,4.95,scws
evidence,information,6.85,scws
evidence,notarize,5.15,scws
example,specimen,6.9,scws
exhibit,evidence,4.45,scws
exhibit,exhibit,8.3,scws
exhibit,memorabilia,1.1,scws
exhibit,parade,1.6,scws
exhibit,possess,3.3,scws
exhibit,show,6.8,scws
experience,experience,7.7,scws
experience,inexperience,6.7,scws
experience,life,3.95,scws
experience,suffer,5.35,scws
experience,taste,4.5,scws
extension,expansion,6.2,scws
extension,extension,7.45,scws
eye,look,6.4,scws
fail,choke,2.6,scws
fail,shipwreck,2.4,scws
fair,book,2.2,scws
fair,join,1.8,scws
fair,midway,2.55,scws
fair,moderate,2.7,scws
family,child,4.45,scws
family,family,8.95,scws
family,planning,0.8,scws
famine,irish,1.7,scws
famine,lack,4.4,scws
fast,abstain,5.9,scws
fast,abstain,4.4,scws
fast,fast,2.3,scws
fast,hunger,1.5,scws
fast,sudden,5.6,scws
fauna,avifauna,6.1,scws
fear,fear,9.0,scws
fear,fearlessness,6.6,scws
fear,panic,8.05,scws
fertility,egg,2.7,scws
fertility,sterility,6.15,scws
fiction,canard,4.45,scws
fiction,fantasy,6.45,scws
field,handle,0.0,scws
field,play,3.3,scws
field,tract,1.7,scws
fighting,brush,0.2,scws
fighting,defeating,5.8,scws
fighting,fighting,7.7,scws
fighting,resist,5.0,scws
filled,filled,7.3,scws
film,film,6.95,scws
film,medium,2.9,scws
film,record,7.1,scws
fine,book,0.4,scws
fine,precise,3.75,scws
fingerprint,identification,5.0,scws
firm,corporation,8.1,scws
firm,hard,7.25,scws
five,forward,0.1,scws
fleet,aircraft,4.3,scws
fleet,fleet,7.6,scws
fleet,line,0.8,scws
fleet,travel,2.6,scws
flight,flight,6.9,scws
flight,shoot,2.2,scws
flight,sortie,4.4,scws
flood,debacle,3.25,scws
flood,fill,3.8,scws
flood,flood,7.2,scws
flood,flow,6.45,scws
flush,age,0.9,scws
flush,down,2.2,scws
flush,even,0.3,scws
flush,good,2.0,scws
flush,rich,1.6,scws
fly,fly,7.5,scws
fly,travel,5.5,scws
focus,blur,3.5,scws
focus,concentration,7.0,scws
focus,distinctness,3.9,scws
focus,focus,8.45,scws
focus,life,0.6,scws
focus,think,4.0,scws
follow,follow,8.5,scws
food,fruit,6.9,scws
food,medium,2.0,scws
food,preparation,1.9,scws
food,produce,3.1,scws
food,rooster,3.9,scws
football,basketball,2.6,scws
football,soccer,9.2,scws
football,soccer,8.5,scws
football,tennis,5.4,scws
forecast,evaluate,5.0,scws
forecast,predict,7.9,scws
forecast,prognosis,4.8,scws
forest,biome,5.45,scws
forest,growth,1.85,scws
form,abbreviation,2.4,scws
form,type,7.4,scws
fort,presidio,2.4,scws
forward,bold,1.35,scws
forward,player,2.0,scws
forward,position,3.9,scws
forward,transport,3.1,scws
found,found,8.8,scws
found,initiate,3.0,scws
found,wage,0.5,scws
freeing,clear,3.2,scws
freeing,parole,3.75,scws
freelance,work,2.4,scws
fruit,bear,2.55,scws
fruit,product,2.3,scws
fuck,intercourse,4.2,scws
fuck,sex,6.1,scws
fuel,fire,3.2,scws
fuel,supply,5.8,scws
fuel,supply,3.5,scws
full,full,8.4,scws
full,month,2.3,scws
full,whole,7.6,scws
furnace,oil,2.9,scws
furnace,stove,1.35,scws
further,far,4.05,scws
further,promote,2.2,scws
fused,gauge,1.6,scws
fused,united,5.7,scws
gain,account,4.7,scws
gain,gain,8.2,scws
gain,measure,2.85,scws
gain,obtain,7.5,scws
galaxy,collection,3.9,scws
gallery,audience,3.35,scws
game,defeat,2.0,scws
game,parlay,1.5,scws
game,playoff,4.6,scws
game,round,2.4,scws
game,series,4.85,scws
game,team,3.2,scws
game,victory,3.4,scws
gas,gas,8.4,scws
gas,sewer,2.2,scws
gas,state,1.4,scws
gem,art,0.9,scws
gem,crystalline,5.4,scws
gender,asexual,5.0,scws
gender,equality,2.15,scws
gen,information,1.7,scws
gig,gig,8.8,scws
gig,harpoon,0.4,scws
glass,magician,1.4,scws
glass,metal,2.2,scws
glass,seidel,1.2,scws
gone,advance,0.95,scws
gone,work,2.8,scws
gore,blood,4.8,scws
gore,cut,2.0,scws
gore,pierce,3.4,scws
government,crisis,2.55,scws
government,state,5.95,scws
governor,control,4.5,scws
governor,interview,0.95,scws
graduate,confer,1.7,scws
graduate,graduate,8.7,scws
graduate,high,1.35,scws
graduate,instrument,1.2,scws
graduate,receive,0.95,scws
graduate,scholar,6.4,scws
graveyard,field,2.6,scws
greater,greater,8.7,scws
greater,large,7.2,scws
grocery,shelf,1.7,scws
group,biological,0.8,scws
group,meet,3.7,scws
group,vinyl,0.6,scws
hard,fractious,2.0,scws
hard,hard,8.6,scws
hard,soft,3.4,scws
hardware,weaponry,4.0,scws
hay,fodder,5.6,scws
healing,better,2.2,scws
health,condition,4.25,scws
health,illness,6.9,scws
heel,follow,2.0,scws
heel,stack,0.6,scws
height,degree,3.7,scws
hike,increase,7.4,scws
hill,tor,1.95,scws
history,age,5.35,scws
history,recital,2.1,scws
holy,sex,2.6,scws
holy,topographical,1.5,scws
home,away,1.8,scws
home,return,1.85,scws
honest,sincere,8.2,scws
honey,lover,2.7,scws
hooks,catch,1.7,scws
hooks,hand,2.9,scws
hooks,hooks,4.5,scws
hospital,center,3.4,scws
hospital,infrastructure,2.0,scws
hospital,institution,3.4,scws
hot,calorific,3.8,scws
hotel,reservation,3.25,scws
hot,hot,1.5,scws
hot,violent,1.5,scws
hundred,large,2.6,scws
hundred,percent,4.3,scws
hypertension,cardiovascular,4.5,scws
ice,shelf,3.0,scws
image,appearance,5.35,scws
image,image,7.8,scws
image,mental,2.05,scws
image,surface,3.6,scws
image,visualize,7.4,scws
impartiality,inclination,2.05,scws
impartiality,interest,3.9,scws
implement,use,8.5,scws
importance,important,5.55,scws
importance,standing,2.7,scws
increased,add,5.8,scws
increased,enhanced,7.8,scws
increased,maximize,6.8,scws
index,list,7.6,scws
index,mass,2.5,scws
index,safety,0.5,scws
industry,enterprise,7.35,scws
industry,growth,3.6,scws
information,confirmation,3.1,scws
information,datum,5.0,scws
infrastructure,structure,5.5,scws
initial,first,8.09,scws
initial,letter,2.6,scws
inmate,resident,5.7,scws
instability,disorder,4.7,scws
institution,vicariate,2.4,scws
instruction,course,2.5,scws
instruction,recipe,5.3,scws
insurance,car,2.85,scws
insurance,contract,4.2,scws
interest,benefit,2.65,scws
interest,enthusiasm,8.3,scws
intermediate,chemical,2.3,scws
intermediate,moderate,4.2,scws
internet,network,3.6,scws
interview,telephone,1.7,scws
introduction,introduction,9.0,scws
introduction,opening,5.1,scws
introduction,usher,1.5,scws
investigation,count,4.9,scws
investigation,effort,3.65,scws
investigation,fishing,1.3,scws
investor,earning,3.35,scws
iron,alpha,2.8,scws
iron,iron,2.7,scws
iron,robust,4.45,scws
isolation,alienation,8.5,scws
isolation,solitude,7.05,scws
issue,edit,1.4,scws
issue,edition,7.2,scws
issue,issue,3.65,scws
issue,overriding,2.9,scws
issue,unblock,1.8,scws
jazz,cool,1.4,scws
jazz,neck,0.8,scws
jazz,play,3.6,scws
jewel,person,1.8,scws
journal,association,2.9,scws
journal,writing,5.6,scws
journey,car,3.25,scws
journey,ship,2.6,scws
journey,voyage,7.8,scws
keep,act,2.2,scws
keep,continue,5.2,scws
keep,keep,8.05,scws
keep,stronghold,4.4,scws
keyboard,holder,3.6,scws
keyboard,typeset,7.95,scws
kind,category,5.5,scws
kind,soft,3.25,scws
king,cabbage,1.2,scws
king,queen,5.15,scws
king,queen,4.9,scws
king,rival,1.5,scws
laboratory,region,0.85,scws
lack,exclude,2.2,scws
lad,brother,3.6,scws
lad,child,4.0,scws
landscape,landscape,8.7,scws
landscape,painting,5.4,scws
landscape,scenery,7.6,scws
language,language,8.4,scws
language,soliloquy,3.3,scws
last,end,5.95,scws
last,last,6.1,scws
last,past,6.05,scws
last,populate,1.5,scws
last,rank,1.7,scws
last,run,4.0,scws
last,senior,1.8,scws
laundering,change,2.1,scws
laundering,machine,1.75,scws
laundering,wash,6.9,scws
law,joke,2.9,scws
law,mosaic,3.4,scws
lawyer,barrister,6.8,scws
lawyer,evidence,3.65,scws
lay,blow,1.4,scws
lay,song,2.5,scws
learned,discover,4.6,scws
learned,educated,8.3,scws
learned,learned,7.3,scws
learned,scholarly,7.6,scws
left,abandon,5.7,scws
left,dad,1.0,scws
lesson,admonition,5.1,scws
lesson,tennis,1.8,scws
lever,machine,2.25,scws
lever,open,2.8,scws
library,collection,6.2,scws
library,house,2.6,scws
life,being,3.6,scws
life,experience,3.1,scws
life,lesson,1.8,scws
life,life,6.6,scws
life,term,2.9,scws
lift,aid,0.95,scws
lift,consequence,1.9,scws
lift,lower,4.4,scws
lift,move,2.8,scws
lighter,fuel,1.0,scws
lighter,heavy,7.1,scws
lighter,lighter,7.9,scws
lighter,match,2.5,scws
light,headlight,4.3,scws
light,light,5.2,scws
light,lighten,3.5,scws
light,smoke,1.4,scws
limb,branch,1.0,scws
limb,limb,4.05,scws
line,crib,1.1,scws
line,insurance,1.0,scws
line,lie,3.5,scws
line,line,2.0,scws
liquid,liquid,4.7,scws
liquid,matter,1.1,scws
liquid,medium,2.6,scws
liquid,water,7.35,scws
listing,category,4.7,scws
listing,organization,1.75,scws
listing,post,3.5,scws
listing,proximity,0.8,scws
listing,sick,1.7,scws
list,position,1.6,scws
list,post,5.2,scws
list,shopping,2.0,scws
live,people,1.8,scws
lobster,american,0.5,scws
lobster,food,4.4,scws
lobster,wine,2.2,scws
look,eye,3.5,scws
looking,looking,6.9,scws
looking,search,5.6,scws
looking,sightseeing,4.51,scws
look,look,4.2,scws
look,observation,7.0,scws
look,sparkle,5.75,scws
loss,loss,7.7,scws
loss,reducing,6.65,scws
loss,wastage,4.95,scws
lost,drop,1.95,scws
lost,lost,9.5,scws
lost,people,2.2,scws
lost,sleep,1.8,scws
love,agape,4.2,scws
love,care,4.7,scws
love,like,4.15,scws
love,love,7.3,scws
love,object,0.1,scws
lover,quarrel,2.6,scws
love,sex,3.1,scws
lowering,decrease,7.4,scws
lowering,devalue,7.45,scws
lowering,movement,2.8,scws
lowering,reef,1.3,scws
luxury,car,2.7,scws
madhouse,mental,6.0,scws
magician,escapologist,4.4,scws
magician,magus,1.0,scws
magician,wizard,6.1,scws
maker,manufacturer,6.2,scws
man,force,0.2,scws
man,man,6.8,scws
manslaughter,homicide,7.4,scws
manufacture,commercial,3.93,scws
manufacture,up,1.5,scws
man,woman,4.8,scws
mark,broad,2.0,scws
mark,buoy,1.8,scws
mark,class,1.5,scws
market,black,0.5,scws
market,labor,2.6,scws
market,shop,2.8,scws
market,trade,6.4,scws
mark,mark,3.4,scws
marriage,open,2.0,scws
marriage,spouse,7.7,scws
married,person,1.7,scws
match,final,5.5,scws
match,look,2.1,scws
match,matchstick,2.35,scws
match,supply,1.9,scws
mature,develop,5.9,scws
mature,mature,8.2,scws
medal,distinguish,1.5,scws
media,environment,0.4,scws
media,gain,1.4,scws
media,media,9.4,scws
media,radio,5.7,scws
media,telecommunication,6.5,scws
media,trading,1.0,scws
mention,allusion,5.6,scws
mention,comment,6.8,scws
mention,mention,8.3,scws
mention,photograph,0.8,scws
mention,up,3.65,scws
merit,approach,1.5,scws
merit,demerit,4.2,scws
merit,worthiness,4.4,scws
metal,silver,7.45,scws
metal,tombac,2.6,scws
midday,noon,6.0,scws
middle,central,8.15,scws
middle,middle,8.0,scws
middle,phase,2.1,scws
middle,put,1.9,scws
mile,kilometer,8.9,scws
milk,draw,1.2,scws
milk,milk,9.4,scws
milk,nutriment,4.3,scws
mind,mind,8.45,scws
mind,recall,4.8,scws
mine,strip,3.15,scws
mine,sulfur,2.3,scws
minister,clergyman,3.7,scws
minister,foreign,3.15,scws
minister,party,5.4,scws
minister,work,2.17,scws
ministry,building,2.3,scws
ministry,culture,1.65,scws
ministry,priesthood,4.95,scws
minority,minor,5.3,scws
minority,peace,1.5,scws
miss,failure,1.3,scws
mock,derision,4.1,scws
mock,tease,7.5,scws
model,kind,4.9,scws
model,ptolemaic,0.0,scws
model,shape,4.6,scws
mole,spy,4.6,scws
money,bank,4.2,scws
money,cash,2.1,scws
money,currency,7.9,scws
money,deposit,2.5,scws
money,dollar,8.5,scws
money,laundering,2.9,scws
money,operation,0.3,scws
money,pile,0.2,scws
money,possession,1.1,scws
money,property,2.8,scws
money,wealth,6.9,scws
monk,oracle,4.1,scws
monk,religious,7.2,scws
monk,slave,1.5,scws
month,hotel,0.7,scws
month,solar,1.7,scws
month,week,7.5,scws
moon,object,1.5,scws
morality,importance,3.6,scws
morality,inner,3.7,scws
morality,virtue,5.8,scws
morocco,levant,5.15,scws
morocco,moroccan,9.05,scws
motel,motor,0.2,scws
mother,care,4.4,scws
mother,make,0.9,scws
mother,mother,4.3,scws
mother,mother-in-law,5.25,scws
mother,yeast,0.3,scws
motor,agent,0.2,scws
motor,stepper,5.1,scws
motto,catchphrase,5.25,scws
mourning,sadness,7.45,scws
mouth,beak,4.1,scws
mouth,mouth,4.5,scws
mouth,tongue,7.1,scws
movie,approach,1.0,scws
movie,critic,2.3,scws
movie,popcorn,4.0,scws
movie,star,1.9,scws
movie,theater,6.5,scws
ms,gulf,0.5,scws
ms,ms,0.0,scws
murder,manslaughter,7.6,scws
museum,depository,3.3,scws
museum,theater,6.0,scws
music,project,1.5,scws
music,sound,4.7,scws
narrow,determine,2.17,scws
narrow,limited,5.25,scws
narrow,narrow,7.1,scws
narrow,strait,4.9,scws
nation,foreign,5.7,scws
nation,spanish,5.7,scws
nature,agent,0.8,scws
nature,characteristic,4.4,scws
nature,environment,6.95,scws
nature,man,2.4,scws
nerves,psychological,4.6,scws
network,hardware,5.5,scws
network,network,5.79,scws
network,system,5.0,scws
network,system,6.2,scws
newspaper,item,1.9,scws
newspaper,publisher,5.1,scws
news,report,6.9,scws
news,update,5.95,scws
nobility,aristocrat,5.7,scws
noon,day,4.1,scws
noon,string,0.3,scws
number,majority,4.9,scws
number,number,7.9,scws
nurse,nurse,3.8,scws
nurse,practical,1.3,scws
nurse,treat,6.2,scws
object,challenge,1.8,scws
object,draw,3.9,scws
object,point,1.6,scws
observation,architecture,1.3,scws
observation,radio,0.9,scws
office,business,4.75,scws
office,printing,0.8,scws
offset,balance,3.5,scws
offset,balance,5.6,scws
offset,compensation,1.9,scws
offset,offset,7.2,scws
oil,oil,7.4,scws
opening,opening,5.6,scws
opening,rift,2.45,scws
opening,up,1.1,scws
opera,industry,1.7,scws
opera,musical,4.75,scws
operation,action,6.6,scws
operation,operation,6.6,scws
oracle,prophecy,5.17,scws
orchestrated,score,0.5,scws
organism,individual,4.95,scws
organism,system,2.3,scws
oxygen,liquid,2.8,scws
pack,battalion,2.5,scws
pack,fill,2.6,scws
pack,pack,2.1,scws
panorama,position,2.5,scws
paper,paper,5.35,scws
parent,organism,2.3,scws
part,interruption,0.3,scws
part,part,7.4,scws
part,relation,3.3,scws
party,dance,1.2,scws
party,party,1.05,scws
party,union,5.8,scws
pass,accomplishment,2.4,scws
passing,death,1.7,scws
passing,done,2.6,scws
passing,forward,4.8,scws
passing,passing,4.6,scws
passing,run,2.5,scws
pass,leave,5.0,scws
pass,pass,1.7,scws
patronage,blessing,3.7,scws
patronage,people,4.1,scws
pat,sound,1.3,scws
pat,touch,3.1,scws
payment,repayment,5.4,scws
peace,amity,6.2,scws
peace,atmosphere,1.7,scws
peace,insurance,1.7,scws
peace,plan,2.0,scws
people,state,4.3,scws
percent,occupancy,3.2,scws
perfect,polish,4.5,scws
perfect,unbroken,3.7,scws
performance,magic,4.8,scws
performance,recital,1.8,scws
personnel,department,3.2,scws
personnel,police,5.1,scws
phone,equipment,5.1,scws
physics,chemistry,8.15,scws
physics,proton,5.55,scws
place,area,3.2,scws
place,delegate,5.75,scws
place,place,6.9,scws
place,siphon,2.0,scws
plain,knit,2.2,scws
plain,llano,4.9,scws
plain,obvious,3.6,scws
plain,plain,6.65,scws
plain,report,1.9,scws
plain,simple,5.25,scws
plane,car,3.0,scws
plane,cut,1.37,scws
plan,employee,1.0,scws
plane,seaplane,3.5,scws
planet,astronomer,5.7,scws
planet,constellation,5.05,scws
planet,follower,1.7,scws
planet,galaxy,4.7,scws
planet,people,1.9,scws
planet,space,3.65,scws
planet,star,6.35,scws
plan,hotel,2.15,scws
planning,draw,6.2,scws
planning,frame,2.0,scws
plan,plan,9.0,scws
plan,schedule,8.6,scws
plasma,gamma,1.5,scws
play,curtain,1.05,scws
played,act,3.3,scws
played,die,1.2,scws
play,foul,2.3,scws
play,play,5.69,scws
play,thousand,0.7,scws
poll,homo,1.1,scws
poll,poll,7.4,scws
poll,straw,0.8,scws
poll,vote,8.25,scws
pop,father,0.2,scws
pop,hit,2.75,scws
pop,soft,1.2,scws
population,overpopulation,6.8,scws
possession,criminal,2.35,scws
possession,liabilities,2.9,scws
possession,possession,7.0,scws
possibility,expectation,3.75,scws
possibility,girl,0.2,scws
potato,vine,2.7,scws
pound,pound,3.25,scws
practice,formalism,3.0,scws
practice,learn,5.35,scws
practice,practice,8.7,scws
prairie,grassland,3.5,scws
precedent,antecedent,5.6,scws
precedent,civil,1.5,scws
precedent,cognition,3.7,scws
precedent,collection,0.9,scws
precedent,example,4.1,scws
precedent,group,0.9,scws
precedent,information,2.45,scws
precedent,law,4.9,scws
prejudice,bias,6.75,scws
prejudice,recognition,2.2,scws
preparation,smell,2.65,scws
preservation,condition,3.1,scws
preservation,self-preservation,4.5,scws
preservation,world,0.6,scws
president,branch,3.95,scws
president,medal,1.2,scws
president,president,7.9,scws
pressing,part,1.35,scws
pressing,squeeze,2.7,scws
price,cost,8.3,scws
price,mark,1.7,scws
price,price,9.1,scws
principle,hellenism,4.3,scws
principle,principle,9.1,scws
principle,yin,1.4,scws
print,contact,2.3,scws
print,print,6.7,scws
print,produce,4.9,scws
problem,airport,1.1,scws
problem,challenge,7.4,scws
problem,difficulty,7.6,scws
problem,poser,1.5,scws
production,crew,3.05,scws
production,growing,4.75,scws
production,production,6.9,scws
production,theater,3.2,scws
professor,academician,8.1,scws
professor,cucumber,0.2,scws
professor,doctor,3.45,scws
profit,advantage,7.2,scws
profit,fast,0.7,scws
profit,gain,9.0,scws
profit,loss,4.1,scws
profit,warning,0.9,scws
project,bulge,2.1,scws
projecting,bulge,4.6,scws
projecting,communicate,2.8,scws
projecting,projecting,6.3,scws
project,moneymaker,1.5,scws
project,project,1.0,scws
prominence,limelight,4.3,scws
promise,betrothal,1.85,scws
promise,declare,3.3,scws
promise,expectation,4.0,scws
promise,pledge,8.5,scws
promise,promise,8.6,scws
property,possession,3.9,scws
proton,nucleon,8.2,scws
proximity,vicinity,7.4,scws
psychiatry,psychotherapy,6.1,scws
psychology,anxiety,5.45,scws
psychology,clinic,2.6,scws
psychology,cognition,3.0,scws
psychology,depression,4.3,scws
psychology,discipline,2.1,scws
psychology,doctor,4.8,scws
psychology,fear,3.7,scws
psychology,health,3.25,scws
psychology,mind,5.1,scws
psychology,science,6.4,scws
psychology,science,4.1,scws
quarrel,argue,6.85,scws
queen,insect,1.6,scws
queen,promote,2.1,scws
queen,queen,9.4,scws
quiet,louden,0.5,scws
quiet,order,2.9,scws
rabbi,leader,5.75,scws
rabbi,title,2.15,scws
racism,anti-semitism,7.4,scws
racism,profiling,2.8,scws
racket,enterprise,4.7,scws
racket,noise,2.0,scws
radio,broadcasting,7.9,scws
raising,bump,4.7,scws
raising,rise,3.1,scws
raising,upbringing,5.2,scws
reading,interpretation,5.4,scws
reading,read,8.15,scws
reading,reading,4.8,scws
reason,criterion,2.0,scws
reason,explanation,7.02,scws
reason,generalize,4.35,scws
reason,present,1.7,scws
reason,reason,7.3,scws
rebel,soldier,7.3,scws
rebel,young,1.1,scws
recognition,designation,2.9,scws
recognition,recognition,7.0,scws
recommendation,advice,5.9,scws
recommendation,puff,1.0,scws
record,number,3.8,scws
record,record,8.7,scws
record,score,2.7,scws
record,write,3.4,scws
recovery,improvement,6.3,scws
recovery,rally,1.95,scws
reduced,abbreviate,4.5,scws
reduced,bated,3.7,scws
reduced,low,4.45,scws
reduced,out,3.75,scws
reduced,reduced,8.5,scws
reduce,reduce,9.4,scws
reduce,simplify,5.55,scws
reduce,slash,5.3,scws
reed,plant,2.3,scws
registration,arrangement,3.95,scws
registration,body,0.1,scws
registration,entrance,2.8,scws
relieve,comfort,4.6,scws
relieve,free,6.6,scws
relieve,relieve,7.1,scws
report,announce,6.45,scws
report,blue,2.85,scws
report,gain,1.1,scws
reservation,fine,2.2,scws
reservation,reservation,3.35,scws
resistance,resistance,8.1,scws
resolution,document,5.1,scws
resolution,physical,1.8,scws
resolution,resolution,9.9,scws
retirement,status,0.95,scws
reverse,gear,3.4,scws
reverse,opposition,3.5,scws
reverse,reverse,9.6,scws
right,position,2.0,scws
right,proper,3.65,scws
right,water,0.0,scws
rock,chondrite,0.7,scws
rock,jazz,8.2,scws
rock,limestone,4.6,scws
rock,move,0.5,scws
rock,move,1.8,scws
rock,rock,1.5,scws
rod,rod,2.0,scws
role,hat,1.8,scws
role,title,4.1,scws
rolling,robbery,0.1,scws
rolling,rolling,3.8,scws
rolling,sound,2.35,scws
romance,intrigue,1.6,scws
romance,love,7.5,scws
romance,quality,6.0,scws
rose,damask,1.0,scws
rose,rose,7.3,scws
rose,soar,3.77,scws
rough,crushed,0.7,scws
rough,golf,0.8,scws
rough,rough,5.5,scws
round,ammunition,4.6,scws
round,phase,1.8,scws
round,round,2.3,scws
round,shape,3.95,scws
round,travel,0.9,scws
row,dispute,1.2,scws
row,row,8.2,scws
row,stroke,4.7,scws
row,terrace,1.6,scws
rubber,crepe,2.1,scws
running,dash,0.8,scws
running,leave,2.8,scws
running,running,7.7,scws
running,sprint,4.7,scws
sacrifice,force,1.35,scws
sacrifice,give,3.7,scws
sacrifice,kill,5.9,scws
sacrifice,sacrifice,7.9,scws
sales,divestiture,3.3,scws
sales,income,5.4,scws
sample,example,4.1,scws
satellite,air,4.7,scws
satellite,follower,1.5,scws
satellite,outer,1.9,scws
satellite,solar,5.75,scws
scattered,break,2.3,scws
scattered,disband,4.4,scws
scattered,incoherent,2.6,scws
school,alumnus,2.3,scws
school,center,3.5,scws
school,school,2.9,scws
school,system,2.6,scws
science,virtuosity,2.1,scws
scientist,cosmographer,6.0,scws
seafood,lobster,2.9,scws
seafood,sea,4.7,scws
sea,measure,0.8,scws
season,dry,3.6,scws
sea,south,1.9,scws
second,back,1.8,scws
second,eye,0.7,scws
second,leap,1.95,scws
second,ordinal,3.4,scws
second,second,5.9,scws
secretary,assistant,5.45,scws
secretary,energy,0.7,scws
secret,confidence,2.78,scws
secret,password,6.9,scws
see,appreciate,3.5,scws
see,diocese,2.35,scws
seeing,recognition,1.9,scws
seeing,seeing,7.49,scws
seeing,visualize,7.6,scws
seepage,exudation,5.6,scws
see,see,6.15,scws
senate,state,3.8,scws
sent,out,4.5,scws
serial,opera,3.55,scws
serial,ordered,1.6,scws
serial,quarterly,1.75,scws
series,broadcast,3.1,scws
series,string,5.5,scws
seven,spot,0.5,scws
sex,class,2.9,scws
sex,distinguish,0.9,scws
sex,foreplay,6.1,scws
sex,sex,3.8,scws
sheet,cover,0.1,scws
sheet,expanse,1.95,scws
sheet,sheet,8.9,scws
sheet,worksheet,7.25,scws
shifting,back,2.1,scws
shifting,move,6.2,scws
shifting,shifting,9.7,scws
shining,work,2.5,scws
shoot,shoot,5.4,scws
shoot,shooting,8.8,scws
shoot,sucker,2.2,scws
shore,arrive,1.1,scws
shore,beam,0.9,scws
shore,bound,2.5,scws
shore,geological,4.3,scws
short,close,1.8,scws
short,diamond,0.6,scws
shot,colorful,2.8,scws
shot,control,1.2,scws
shot,grapeshot,4.9,scws
shot,kill,2.3,scws
shot,shot,7.05,scws
shower,flood,2.9,scws
shower,plumbing,6.75,scws
shower,thunderstorm,3.1,scws
sign,sign,2.6,scws
sign,street,2.5,scws
sign,token,3.9,scws
similarity,law,0.0,scws
single,base,1.5,scws
single,common,1.7,scws
single,hit,0.9,scws
singles,badminton,3.8,scws
singles,hit,4.6,scws
single,singleton,1.5,scws
singles,tennis,5.1,scws
sit,sit,8.8,scws
situation,element,1.5,scws
situation,isolation,1.1,scws
situation,place,2.45,scws
size,classify,2.5,scws
size,coat,2.7,scws
size,magnitude,6.45,scws
size,prominence,1.7,scws
size,property,0.551,scws
skin,eye,5.65,scws
skin,free,0.7,scws
skin,skin,9.1,scws
slain,dead,7.8,scws
slain,dead,7.0,scws
slain,kill,7.5,scws
slave,work,3.7,scws
slave,worker,3.7,scws
slight,dismiss,1.85,scws
slight,insignificant,5.8,scws
slight,silent,1.6,scws
slip,freudian,0.9,scws
slip,move,5.15,scws
slow,gradual,1.3,scws
smashing,blast,5.0,scws
smashing,hit,7.5,scws
smile,expression,7.1,scws
smoking,emit,3.65,scws
smoking,inhale,6.6,scws
smoking,vaporization,4.8,scws
soap,bribe,2.05,scws
soap,opera,2.8,scws
soap,saddle,1.6,scws
soft,soft,5.95,scws
software,compatible,3.9,scws
sole,single,7.9,scws
solo,activity,3.4,scws
solo,fly,1.0,scws
solo,musical,4.5,scws
solo,perform,3.7,scws
sounding,depth,1.05,scws
sounding,look,3.1,scws
sounding,measurement,3.2,scws
space,location,5.5,scws
space,put,1.3,scws
space,space,5.25,scws
space,world,4.7,scws
spiral,coiled,5.4,scws
spiral,helix,6.1,scws
splash,noise,2.6,scws
spread,discharge,1.6,scws
spread,disparity,1.9,scws
spread,dispersion,6.6,scws
spread,distributed,5.85,scws
spread,move,4.1,scws
spread,spread,8.75,scws
square,angular,3.95,scws
square,lawful,0.4,scws
square,number,0.9,scws
square,polygon,3.4,scws
square,shape,5.5,scws
square,square,5.0,scws
stalls,compartment,4.9,scws
stalls,livery,2.05,scws
star,have,0.7,scws
star,path,2.2,scws
star,star,3.1,scws
start,beginning,8.9,scws
starter,starter,9.7,scws
start,get,1.5,scws
start,match,5.1,scws
start,set,0.5,scws
start,start,7.95,scws
start,year,1.8,scws
stated,propose,5.2,scws
stick,limb,3.6,scws
stick,move,1.0,scws
still,photograph,2.2,scws
still,silence,4.0,scws
stock,egg,0.3,scws
stock,growth,1.1,scws
stock,life,0.4,scws
stock,market,4.7,scws
stock,merchandise,3.4,scws
stocks,framework,3.3,scws
stocks,stocks,5.9,scws
stock,stock,3.65,scws
stove,heater,7.11,scws
street,avenue,6.65,scws
street,block,0.9,scws
street,children,1.4,scws
street,place,6.0,scws
street,side,3.0,scws
striking,conspicuous,4.1,scws
striking,crash,3.0,scws
striking,impressive,4.0,scws
string,add,4.65,scws
string,arrange,1.05,scws
string,fingerboard,3.4,scws
string,string,8.35,scws
stroke,hospital,3.9,scws
stroke,strike,2.6,scws
stroke,stroke,1.9,scws
student,professor,4.2,scws
study,examination,6.9,scws
study,learning,7.1,scws
study,review,6.7,scws
study,study,7.3,scws
submarine,sandwich,0.1,scws
subordinate,dog,1.47,scws
subordinate,insubordinate,4.55,scws
subordinate,under,2.4,scws
subordinate,word,3.3,scws
substance,part,2.2,scws
substance,substance,5.5,scws
succeeding,pass,2.2,scws
suffering,enjoy,5.8,scws
suffering,experience,3.3,scws
suffering,pain,8.0,scws
suffering,suffering,6.5,scws
sugar,approach,1.95,scws
sugar,beet,5.35,scws
sugar,wood,1.5,scws
summer,drought,1.7,scws
summer,nature,3.5,scws
summer,solstice,5.85,scws
summer,time,3.8,scws
sun,lie,0.9,scws
sun,sun,6.9,scws
sun,sunburst,4.95,scws
surface,bubble,4.55,scws
surface,horizontal,5.0,scws
suspension,lapse,3.5,scws
suspension,suspension,10.0,scws
sway,power,4.25,scws
tableware,cutlery,6.5,scws
team,group,8.5,scws
team,group,6.3,scws
team,string,0.7,scws
telephone,call,5.8,scws
telephone,communication,3.9,scws
television,broadcasting,7.4,scws
television,color,2.5,scws
television,film,4.6,scws
television,radio,4.7,scws
telling,inform,9.0,scws
telling,narration,8.0,scws
telling,warning,4.05,scws
tennis,point,1.9,scws
term,referent,2.0,scws
term,tenure,7.2,scws
term,term,9.8,scws
territory,africa,4.5,scws
territory,kilometer,5.8,scws
terror,fear,7.75,scws
terror,person,1.1,scws
theater,box,3.85,scws
theater,communication,2.45,scws
theater,history,0.5,scws
thing,situation,3.2,scws
things,situation,1.9,scws
things,things,7.8,scws
thing,thing,8.25,scws
think,expect,5.4,scws
thunderstorm,storm,8.65,scws
ticket,pass,2.8,scws
ticket,tag,3.2,scws
ticket,ticket,5.7,scws
tiger,animal,1.9,scws
tiger,carnivore,7.4,scws
tiger,cat,6.6,scws
tiger,fauna,5.0,scws
tiger,feline,3.9,scws
tiger,organism,2.2,scws
tiger,person,2.3,scws
tiger,tiger,2.0,scws
tiger,zoo,1.4,scws
tool,implement,5.6,scws
tool,means,6.7,scws
topping,pass,2.4,scws
tops,crown,3.5,scws
tops,pass,3.16,scws
tops,tops,1.15,scws
touched,hit,3.1,scws
touching,perceive,4.2,scws
touching,stroke,4.24,scws
touching,stroke,3.7,scws
tournament,universe,1.6,scws
trace,mark,2.5,scws
trace,support,2.3,scws
trading,short,1.4,scws
trading,trading,8.4,scws
trading,traffic,2.7,scws
traffic,commerce,1.5,scws
traffic,trade,5.6,scws
traffic,trade,0.5,scws
traffic,traffic,8.3,scws
train,car,5.55,scws
train,train,9.2,scws
travel,activity,1.2,scws
travel,gravitation,1.7,scws
travel,tour,6.55,scws
travel,travel,8.8,scws
travel,walk,4.75,scws
treatment,dealing,4.4,scws
treatment,recovery,5.2,scws
trench,approach,1.3,scws
trick,deceive,8.0,scws
trick,shift,0.7,scws
troops,daze,0.5,scws
troops,hostile,2.7,scws
troops,march,5.5,scws
troops,troops,8.7,scws
trouble,perturbation,3.0,scws
trouble,point,2.7,scws
trouble,trouble,9.15,scws
twist,development,2.1,scws
twist,interpretation,2.7,scws
twist,move,4.0,scws
twist,twist,4.2,scws
type,adult,0.2,scws
type,identify,1.3,scws
type,kind,8.45,scws
type,version,6.65,scws
type,write,7.3,scws
uniform,jump,2.6,scws
upgrade,better,5.35,scws
upgrade,upgrade,8.4,scws
upset,afflict,3.2,scws
upset,agitation,6.65,scws
upset,disturbance,5.5,scws
upset,touch,0.6,scws
upset,troubled,8.6,scws
upset,upset,9.0,scws
use,application,6.4,scws
use,consume,8.3,scws
used,use,6.65,scws
used,used,8.1,scws
use,functional,2.9,scws
use,out,1.6,scws
usual,familiar,5.2,scws
vanished,vanished,8.65,scws
variation,activity,1.9,scws
variation,change,5.15,scws
variation,variation,6.4,scws
vector,line,1.7,scws
vector,radius,3.6,scws
victim,emergency,1.5,scws
victory,ending,3.1,scws
video,videotape,4.2,scws
viewer,serial,2.4,scws
violate,drop,2.4,scws
virtuoso,musician,5.35,scws
vision,imagination,6.2,scws
vodka,brandy,2.45,scws
vodka,gin,6.9,scws
vodka,screwdriver,6.7,scws
void,invalid,5.9,scws
void,nonexistence,5.7,scws
void,validate,1.8,scws
volunteer,act,2.7,scws
volunteer,inform,3.75,scws
volunteer,worker,4.9,scws
voyage,journey,9.05,scws
voyage,water,2.1,scws
waking,sleeping,5.8,scws
waking,waking,8.4,scws
walking,accompany,1.5,scws
walking,locomotion,6.7,scws
walking,wade,4.7,scws
walking,walking,7.25,scws
wandering,about,2.5,scws
wandering,stray,8.2,scws
wandering,travel,6.4,scws
war,battle,9.08,scws
war,hostility,5.6,scws
warning,example,1.6,scws
warning,strategic,2.05,scws
war,peace,6.0,scws
war,troops,7.2,scws
wash,color,1.9,scws
wash,laundering,4.0,scws
wash,serve,1.9,scws
wash,shampoo,5.1,scws
water,lake,5.95,scws
water,perspiration,3.5,scws
water,seepage,3.9,scws
water,supply,2.2,scws
water,water,7.4,scws
water,wet,5.16,scws
ways,shipyard,2.4,scws
ways,ways,8.65,scws
weak,diluted,5.1,scws
weakening,decrease,4.6,scws
weakening,transformation,2.45,scws
weakening,weakening,8.75,scws
weak,flimsy,5.0,scws
wealth,abundance,6.8,scws
weapon,mass,1.2,scws
weapon,persuasion,4.4,scws
weapon,secret,0.8,scws
weather,forecast,4.8,scws
weather,precipitation,5.35,scws
welsh,brythonic,4.7,scws
wet,dry,7.3,scws
wet,wetness,8.05,scws
white,bleach,5.1,scws
white,light-skinned,5.7,scws
white,white,5.3,scws
white,woman,0.5,scws
wine,dark,1.9,scws
wine,delaware,0.1,scws
withdrawal,bank,3.85,scws
withdraw,retrograde,3.7,scws
withdraw,withdraw,9.05,scws
woman,female,9.0,scws
wood,forest,2.8,scws
wood,growth,0.9,scws
woodland,silva,2.2,scws
wood,red,2.0,scws
word,similarity,1.95,scws
word,statement,1.5,scws
word,word,8.35,scws
workings,drive,2.5,scws
workings,excavation,2.9,scws
workings,mechanism,7.9,scws
workings,workings,8.9,scws
world,chow,0.6,scws
world,order,1.5,scws
worst,evil,6.4,scws
worst,poor,2.5,scws
worst,result,2.4,scws
wounded,people,1.4,scws
wrong,false,8.45,scws
wrong,improper,7.6,scws
wrong,injury,1.8,scws
year,y2k,4.3,scws
yielding,assent,1.1,scws
yielding,change,2.9,scws
yielding,open,3.3,scws
yielding,yielding,7.55,scws
zoo,facility,3.6,scws
hard,zoo,0.4,scws
commerce,undertaking,1.7,scws
enthusiasm,effort,1.7,scws
claim,chemistry,1.3,scws
subculture,rock,3.3,scws
bank,smell,1.0,scws
standing,siphon,0.3,scws
seaplane,answer,0.0,scws
mosaic,industry,1.4,scws
advice,retail,1.5,scws
smoking,blowing,3.2,scws
follow,recital,2.0,scws
boy,deepening,1.2,scws
holder,plan,3.5,scws
subordinate,system,1.5,scws
movie,credence,0.1,scws
bundle,deceive,0.9,scws
sugar,building,0.1,scws
attitude,directorate,3.7,scws
journal,gallery,3.3,scws
short,clothes,3.0,scws
morality,overlook,1.4,scws
lesson,explanation,4.6,scws
tableware,communications,3.4,scws
trouble,happening,2.3,scws
room,obvious,0.7,scws
pile,boy,1.4,scws
defeating,reverse,2.2,scws
relearn,noon,1.0,scws
precedent,ration,3.72,scws
express,anagram,1.3,scws
fiction,insane,2.15,scws
awake,rose,2.7,scws
sounding,conclusion,5.3,scws
lamb,number,1.4,scws
fingerprint,football,0.5,scws
arpeggio,paper,2.05,scws
commit,damask,0.6,scws
mutiny,landscape,1.2,scws
enclose,mute,3.0,scws
foundation,develop,3.6,scws
spouse,ship,2.02,scws
marking,poll,2.4,scws
jazz,bedlam,2.5,scws
trading,done,0.9,scws
man,credit,1.4,scws
place,artifact,2.5,scws
crash,hurl,5.1,scws
child,middle,1.0,scws
asian,agent,0.2,scws
arrangement,longing,1.1,scws
glide,day,2.0,scws
coast,lay,2.95,scws
damask,colors,2.1,scws
enterprise,mention,1.5,scws
subordinate,operation,3.0,scws
player,slave,1.2,scws
air,plasma,3.6,scws
bold,leader,3.45,scws
crab,manufacturer,0.2,scws
intolerable,ammunition,0.6,scws
act,improvement,1.72,scws
stocks,grieve,1.05,scws
hailstone,degree,1.4,scws
betrothal,morning,0.1,scws
up,issue,1.6,scws
week,believe,1.0,scws
liberation,considered,3.26,scws
box,return,0.8,scws
framework,wind,0.7,scws
black,confession,0.0,scws
rank,soap,2.1,scws
secretary,dog,0.1,scws
placental,kick,1.2,scws
abuse,access,0.8,scws
perceive,formation,1.6,scws
circulation,medal,1.5,scws
chondrite,zoo,0.6,scws
march,bat,0.0,scws
vine,space,0.6,scws
clergyman,playing,0.9,scws
parole,gauge,2.45,scws
car,scan,0.0,scws
protest,disabled,1.6,scws
covering,criterion,0.9,scws
zoo,panorama,0.3,scws
formation,perform,1.3,scws
reduce,astronomer,0.1,scws
calorific,settlement,0.4,scws
suspension,desk,1.1,scws
examine,similarity,2.5,scws
school,welsh,2.1,scws
indirect,mosaic,0.5,scws
compel,course,2.6,scws
prepared,broadcast,2.1,scws
ask,quality,2.5,scws
dissemination,stabilize,3.6,scws
train,chondrite,0.1,scws
lawyer,conference,3.3,scws
void,impermanent,2.5,scws
educated,backward,0.7,scws
person,abstain,2.0,scws
word,fishing,0.2,scws
ring,emblem,1.1,scws
automobile,solemnize,1.3,scws
fertility,liquidate,0.7,scws
spouse,breakthrough,0.5,scws
union,anxiety,0.4,scws
education,combination,0.8,scws
majority,report,2.25,scws
dealing,damage,0.4,scws
found,last,1.3,scws
suffer,transmission,0.5,scws
prejudice,president,1.3,scws
insect,frame,0.4,scws
resident,ministry,1.8,scws
likeness,constitute,2.4,scws
mechanism,stabilize,1.4,scws
patterned,professor,0.75,scws
ways,prepare,2.45,scws
demonic,full,1.5,scws
wet,damned,1.65,scws
promise,distinguish,2.45,scws
english,biome,2.0,scws
basketball,integer,1.2,scws
examine,skin,1.3,scws
asylum,gem,1.2,scws
reading,artifact,1.7,scws
music,lowering,0.9,scws
standing,sprint,1.95,scws
difficulty,brandy,0.5,scws
lip,nearness,3.1,scws
blessing,deal,1.0,scws
role,nonexistent,0.7,scws
imperative,aluminum,0.75,scws
vanished,mocha,0.1,scws
sauce,remove,1.4,scws
acronym,living,0.2,scws
exclude,assets,1.0,scws
support,living,2.7,scws
holy,succeeding,1.7,scws
admonition,calmness,4.3,scws
hard,investigation,0.8,scws
lesson,basketball,1.1,scws
resistance,healing,2.3,scws
interest,possess,2.1,scws
male,tongue,2.4,scws
hypertension,call,2.6,scws
clean,gully,0.3,scws
lowering,wall,2.0,scws
ball,situation,2.2,scws
century,position,0.7,scws
flap,credit,0.8,scws
beet,rank,0.7,scws
maradona,football,5.0,scws
arafat,peace,3.5,scws
arafat,terror,2.72,scws
